id,name,date,season,teams,novice_debaters,special,online
1,George Washington,04/17/2026,2025-26,40,40,,
2,Columbia,02/13/2026,2025-26,24,26,BIPOC,
3,Rutgers,02/06/2026,2025-26,45,41,,
4,Boston University,01/30/2026,2025-26,53,58,,
5,Penn,01/30/2026,2025-26,59,54,,
6,University of Chicago,01/23/2026,2025-26,44,47,,
7,Drexel,01/09/2026,2025-26,25,18,,
8,University of Delaware,01/02/2026,2025-26,14,9,,
9,Temple,12/05/2025,2025-26,16,19,Gender Minority,
10,Wellesley,12/05/2025,2025-26,16,19,Gender Minority,
11,Penn,11/21/2025,2025-26,,,,
12,Johns Hopkins,04/24/2026,2025-26,62,41,Nationals,
13,Temple,02/20/2026,2025-26,52,64,ProAms,
14,Amherst,02/20/2026,2025-26,62,78,ProAms,
15,University of Massachusetts,04/17/2026,2025-26,25,21,,
16,Princeton,04/10/2026,2025-26,86,71,,
17,Northeastern,03/27/2026,2025-26,55,60,,
18,University of Virginia,04/03/2026,2025-26,20,17,,
19,Yale,04/03/2026,2025-26,46,35,,
20,Georgetown,03/20/2026,2025-26,47,44,,
21,Carnegie Mellon,03/27/2026,2025-26,19,14,Expansion,
22,American,03/13/2026,2025-26,40,29,,
23,Maryland,03/06/2026,2025-26,12,8,,
24,Brown,03/06/2026,2025-26,38,43,,
25,Swarthmore,02/27/2026,2025-26,29,18,,
26,Brandeis,02/27/2026,2025-26,54,64,,
27,Fordham,11/21/2025,2025-26,70,70,,
28,Wesleyan,11/14/2025,2025-26,24,24,,
29,Maryland,11/14/2025,2025-26,39,37,,
30,Northeastern,11/07/2025,2025-26,90,110,ProAms,
31,George Washington,11/07/2025,2025-26,68,81,ProAms,
32,Yale,11/01/2025,2025-26,120,121,,
33,Carnegie Mellon,10/31/2025,2025-26,15,11,Expansion,
34,Brandeis,10/31/2025,2025-26,16,11,,
35,Brown,10/24/2025,2025-26,72,83,,
36,William and Mary,10/24/2025,2025-26,16,19,,
37,University of Virginia,10/17/2025,2025-26,33,26,,
38,Williams,10/17/2025,2025-26,19,13,,
39,Harvard,10/10/2025,2025-26,111,60,,
40,Swarthmore,10/03/2025,2025-26,17,34,Novice,
41,Johns Hopkins,10/03/2025,2025-26,38,75,Novice,
42,Boston University,10/03/2025,2025-26,97,194,Novice,
43,Tufts,09/26/2025,2025-26,32,23,,
44,American,09/26/2025,2025-26,22,21,,
45,Bates,09/19/2025,2025-26,24,5,,
46,University of Pittsburgh,09/19/2025,2025-26,16,12,,
47,Binghamton University,09/12/2025,2025-26,18,1,,
48,Drexel,09/06/2025,2025-26,22,3,,
49,NYU,04/25/2025,2024-25,86,63,Nationals,
50,University of Massachusetts,04/18/2025,2024-25,40,44,,
51,University of Virginia,04/18/2025,2024-25,36,38,,
52,Princeton,04/11/2025,2024-25,106,109,,
53,Johns Hopkins,04/04/2025,2024-25,12,16,Gender Minority,
54,Wellesley,04/04/2025,2024-25,16,18,Gender Minority,
55,Maryland,03/28/2025,2024-25,25,28,,
56,Boston University,03/28/2025,2024-25,45,56,,
57,George Washington,03/21/2025,2024-25,35,42,,
58,Brandeis,03/21/2025,2024-25,30,27,,
59,Georgetown,03/14/2025,2024-25,20,14,,
60,Northeastern,03/14/2025,2024-25,17,12,,
61,Brown,03/07/2025,2024-25,40,38,,
62,University of Virginia,03/07/2025,2024-25,11,6,,Online
63,Yale,02/28/2025,2024-25,46,56,,
64,Swarthmore,02/28/2025,2024-25,24,28,,
65,Williams,02/21/2025,2024-25,32,38,ProAms,
66,American,02/21/2025,2024-25,35,42,ProAms,
67,Temple,02/21/2025,2024-25,18,23,ProAms,
68,Rutgers,02/15/2025,2024-25,45,47,,
69,Carnegie Mellon,02/07/2025,2024-25,12,8,Expansion,
70,Amherst,02/07/2025,2024-25,48,48,,
71,Tufts,01/31/2025,2024-25,46,47,,
72,Penn,01/31/2025,2024-25,64,73,,
73,University of Chicago,01/24/2025,2024-25,37,26,,
74,Drexel,01/24/2025,2024-25,17,34,Novice,
75,UT Austin,01/10/2025,2024-25,27,21,,
76,William and Mary,01/03/2025,2024-25,18,17,,Online
77,Columbia,12/06/2024,2024-25,45,68,BIPOC,
78,Fordham,11/22/2024,2024-25,73,86,,
79,American,11/15/2024,2024-25,52,56,,Online
80,Wesleyan,11/15/2024,2024-25,23,30,,
81,Yale,11/02/2024,2024-25,,,,
82,Northeastern,11/08/2024,2024-25,69,85,ProAms,
83,George Washington,11/08/2024,2024-25,58,73,ProAms,
84,NYU,11/01/2024,2024-25,53,62,,
85,Georgetown,10/25/2024,2024-25,39,24,,
86,Brown,10/25/2024,2024-25,49,31,,
87,University of Pittsburgh,10/18/2024,2024-25,17,11,Expansion,
88,Brandeis,10/18/2024,2024-25,32,29,,
89,Harvard,10/11/2024,2024-25,123,140,,
90,Maryland,10/04/2024,2024-25,18,14,,
91,Tufts,10/04/2024,2024-25,50,63,,
92,Boston University,09/27/2024,2024-25,102,204,Novice,
93,Johns Hopkins,09/27/2024,2024-25,27,54,Novice,
94,University of Virginia,09/20/2024,2024-25,18,19,,
95,Bentley University,09/20/2024,2024-25,10,2,,
96,Carnegie Mellon,09/13/2024,2024-25,12,5,Expansion,
97,Binghamton University,09/13/2024,2024-25,13,3,Expansion,
98,Drexel,09/06/2024,2024-25,19,1,,Online
99,George Washington,04/26/2024,2023-24,69,45,Nationals,
100,Temple,04/19/2024,2023-24,33,31,,
101,University of Massachusetts,04/19/2024,2023-24,17,18,,
102,Princeton,04/12/2024,2023-24,91,88,,
103,Johns Hopkins,04/05/2024,2023-24,28,24,,
104,Amherst,04/05/2024,2023-24,26,28,,
105,University of Virginia,03/29/2024,2023-24,17,14,Gender Minority,
106,Wellesley,03/29/2024,2023-24,12,11,Gender Minority,
107,Georgetown,03/22/2024,2023-24,38,31,,
108,Northeastern,03/22/2024,2023-24,19,16,,
109,Swarthmore,03/15/2024,2023-24,17,16,,
110,Brandeis,03/15/2024,2023-24,24,22,,
111,Maryland,03/08/2024,2023-24,16,10,,
112,Brown,03/08/2024,2023-24,27,28,,
113,William and Mary,03/01/2024,2023-24,16,15,,
114,Yale,03/01/2024,2023-24,61,71,,
115,American,02/23/2024,2023-24,29,35,ProAms,
116,NYU,02/23/2024,2023-24,90,111,ProAms,
117,Rutgers,02/16/2024,2023-24,52,55,,
118,Tufts,02/09/2024,2023-24,46,50,,
119,University of Pittsburgh,02/09/2024,2023-24,14,12,Expansion,
120,Boston University,02/02/2024,2023-24,40,45,,
121,Penn,02/02/2024,2023-24,42,41,,
122,Carnegie Mellon,01/26/2024,2023-24,14,15,Expansion,
123,Williams,01/26/2024,2023-24,21,14,,
124,NYU,01/12/2024,2023-24,31,18,,
125,Odette,01/05/2024,2023-24,27,20,,
126,Columbia,12/01/2023,2023-24,54,70,BIPOC,
127,Fordham,11/17/2023,2023-24,76,84,,
128,Maryland,11/10/2023,2023-24,28,21,,
129,Brown + Wesleyan,11/10/2023,2023-24,50,49,,
130,Northeastern,11/03/2023,2023-24,83,109,ProAms,
131,George Washington,11/03/2023,2023-24,63,73,ProAms,
132,Yale,10/27/2023,2023-24,,,,
133,Brandeis,10/27/2023,2023-24,18,17,,
134,Georgetown,10/27/2023,2023-24,24,23,,
135,Boston University,09/29/2023,2023-24,96,212,Novice,
136,Williams,10/20/2023,2023-24,34,37,,Online
137,University of Virginia,10/20/2023,2023-24,22,22,,
138,Bates,10/13/2023,2023-24,11,8,,
139,Harvard,10/06/2023,2023-24,112,132,,
140,Swarthmore,09/29/2023,2023-24,25,50,Novice,
141,Johns Hopkins,09/29/2023,2023-24,34,68,Novice,
142,Binghamton University,09/22/2023,2023-24,28,17,Expansion,
143,Drexel,09/08/2023,2023-24,19,6,,
144,University of Chicago,03/10/2023,2022-23,19,25,,Online
145,Georgetown,02/17/2023,2022-23,35,35,,Online
146,Boston University,04/14/2023,2022-23,16,18,BIPOC,
147,Johns Hopkins,04/14/2023,2022-23,12,14,BIPOC,
148,The College of New Jersey,03/03/2023,2022-23,16,15,,
149,Yale,10/29/2022,2022-23,,,,
150,Georgetown,04/28/2023,2022-23,60,49,Nationals,
151,NYU,04/22/2023,2022-23,90,106,,
152,Brandeis,04/21/2023,2022-23,17,24,,
153,University of Massachusetts,04/07/2023,2022-23,25,25,,
154,Princeton,03/31/2023,2022-23,87,103,,
155,University of Virginia,03/17/2023,2022-23,17,11,,
156,Northeastern,03/24/2023,2022-23,32,36,,
157,Swarthmore,03/24/2023,2022-23,31,36,,
158,Boston University,03/17/2023,2022-23,31,35,,
159,Yale,03/03/2023,2022-23,51,69,,
160,Rutgers,02/24/2023,2022-23,68,74,,
161,Maryland,03/10/2023,2022-23,12,14,ProAms,
162,Wesleyan,02/17/2023,2022-23,24,26,,
163,Brown,03/10/2023,2022-23,40,50,ProAms,
164,Johns Hopkins,02/03/2023,2022-23,18,13,,
165,Wellesley,02/03/2023,2022-23,30,32,,
166,Carnegie Mellon,01/27/2023,2022-23,17,29,Expansion,
167,George Washington,02/10/2023,2022-23,45,48,,
168,Penn,01/20/2023,2022-23,34,34,,
169,Williams,01/20/2023,2022-23,18,20,,
170,University of Chicago,01/13/2023,2022-23,25,22,,
171,Maryland,12/02/2022,2022-23,16,17,Gender Minority,
172,Wellesley,12/02/2022,2022-23,18,19,Gender Minority,
173,Brown,11/18/2022,2022-23,56,52,,
174,Columbia,11/11/2022,2022-23,109,148,,
175,University of Virginia,10/14/2022,2022-23,14,13,,
176,Fordham,11/04/2022,2022-23,57,62,,
177,University of Pittsburgh,10/28/2022,2022-23,20,20,Expansion,
178,George Washington,10/21/2022,2022-23,57,78,ProAms,
179,Northeastern,10/21/2022,2022-23,83,97,ProAms,
180,Tufts,10/14/2022,2022-23,46,49,,
181,Villanova,10/07/2022,2022-23,12,13,,
182,Harvard,10/07/2022,2022-23,85,111,,
183,Georgetown,09/30/2022,2022-23,23,19,,
184,Brandeis,10/01/2022,2022-23,23,27,,
185,Johns Hopkins,09/23/2022,2022-23,35,70,Novice,
186,Swarthmore,09/23/2022,2022-23,32,64,Novice,
187,William and Mary,09/16/2022,2022-23,16,6,,
188,Smith,09/16/2022,2022-23,10,3,,
189,Binghamton University,09/09/2022,2022-23,10,0,Expansion,
190,Boston University,04/01/2022,2021-22,24,28,,
191,Williams,04/22/2022,2021-22,24,23,,
192,NYU,04/22/2022,2021-22,20,14,,Online
193,Brown,02/11/2022,2021-22,26,52,Novice,
194,Swarthmore,09/24/2021,2021-22,66,132,Novice,Online
195,Boston University,04/29/2022,2021-22,69,54,Nationals,
196,Brown,04/08/2022,2021-22,60,70,,
197,University of Virginia,04/01/2022,2021-22,22,19,,
198,Wellesley,04/15/2022,2021-22,21,21,Gender Minority,Online
199,Georgetown,04/08/2022,2021-22,20,25,,Online
200,Princeton + University of Massachusetts,03/25/2022,2021-22,43,38,,Online
201,Washington University + Villanova,04/01/2022,2021-22,8,8,,Online
202,Swarthmore,03/18/2022,2021-22,40,35,,
203,Brandeis,03/11/2022,2021-22,35,28,,
204,William and Mary,02/25/2022,2021-22,15,16,,
205,Yale,03/04/2022,2021-22,36,35,,Online
206,Wesleyan,02/25/2022,2021-22,21,25,ProAms,Online
207,Rutgers,02/18/2022,2021-22,24,16,,
208,Northeastern,02/25/2022,2021-22,57,62,ProAms,
209,Maryland,02/18/2022,2021-22,12,13,,Online
210,Smith,02/11/2022,2021-22,12,24,Novice,Online
211,Pitt + CMU,02/04/2022,2021-22,15,19,,Online
212,George Washington,02/04/2022,2021-22,21,21,,
213,Williams,01/21/2022,2021-22,27,12,,Online
214,Dartmouth,01/14/2022,2021-22,25,22,,Online
215,University of Virginia,12/03/2021,2021-22,28,28,,Online
216,Wesleyan + Temple,11/19/2021,2021-22,37,34,,Online
217,Fordham + George Washington,11/12/2021,2021-22,124,156,ProAms,Online
218,Tufts + Maryland,11/05/2021,2021-22,54,56,,Online
219,Johns Hopkins + American,10/29/2021,2021-22,16,16,,Online
220,Northeastern + Boston College,10/22/2021,2021-22,20,22,BIPOC,Online
221,Columbia + Smith,10/15/2021,2021-22,36,45,,Online
222,Brown,10/08/2021,2021-22,35,38,,Online
223,Harvard + Penn,10/01/2021,2021-22,58,58,,Online
224,Boston University,09/24/2021,2021-22,103,207,Novice,Online
225,William and Mary,09/10/2021,2021-22,14,4,,Online
226,Binghamton University,09/03/2021,2021-22,8,1,,Online
227,University of Virginia + Johns Hopkins,04/23/2021,2020-21,51,26,Nationals,Online
228,Wellesley + The College of New Jersey,04/16/2021,2020-21,12,13,Gender Minority,Online
229,Temple + Dartmouth + Wesleyan,04/09/2021,2020-21,45,48,,Online
230,Princeton + Northeastern + Bates,04/02/2021,2020-21,52,45,,Online
231,Brown + West Point + Boston College,03/26/2021,2020-21,31,27,,Online
232,Swarthmore + American + Moody Bible Institute,03/19/2021,2020-21,22,15,,Online
233,Brandeis + Franklin and Marshall + Berkeley,03/12/2021,2020-21,24,26,,Online
234,Stanford + CUNY + William and Mary,03/05/2021,2020-21,36,38,,Online
235,Williams + Georgetown,02/26/2021,2020-21,31,24,,Online
236,Boston University + Maryland,02/19/2021,2020-21,86,90,,Online
237,NYU + Washington University,02/12/2021,2020-21,21,16,,Online
238,Rutgers + Yale,02/05/2021,2020-21,35,14,,Online
239,George Washington,01/29/2021,2020-21,21,17,,Online
240,Villanova + Amherst,01/22/2021,2020-21,19,17,,Online
241,University of Chicago + Northwestern,01/15/2021,2020-21,28,25,,Online
242,CMU,01/08/2021,2020-21,23,20,,Online
243,Franklin and Marshall,03/06/2020,2019-20,16,9,,
244,Tufts,03/06/2020,2019-20,37,33,,
245,Swarthmore,02/28/2020,2019-20,43,35,,
246,Wellesley,02/28/2020,2019-20,48,47,,
247,CUNY,02/21/2020,2019-20,35,43,ProAms,
248,Yale,02/21/2020,2019-20,89,94,ProAms,
249,George Washington,02/14/2020,2019-20,40,31,,
250,Northeastern,02/14/2020,2019-20,40,40,,
251,Rutgers,02/07/2020,2019-20,83,90,,
252,Washington University in St. Louis,01/31/2020,2019-20,8,7,Expansion,
253,Brandeis,01/31/2020,2019-20,61,54,,
254,Georgetown,01/31/2020,2019-20,66,63,,
255,Williams,01/24/2020,2019-20,23,20,,
256,University of Virginia,01/24/2020,2019-20,32,28,,
257,Carnegie Mellon,01/17/2020,2019-20,24,18,,
258,Tufts,01/17/2020,2019-20,37,31,,
259,University of Chicago,01/10/2020,2019-20,24,10,Expansion,
260,Brandeis,12/06/2019,2019-20,100,100,,
261,Villanova,12/06/2019,2019-20,32,26,,
262,Fordham,11/22/2019,2019-20,91,59,,
263,Amherst,11/15/2019,2019-20,54,64,,
264,CUNY,11/15/2019,2019-20,32,26,,
265,Johns Hopkins,11/15/2019,2019-20,52,46,,
266,Wellesley,11/08/2019,2019-20,27,34,Gender Minority,
267,The College of New Jersey,11/08/2019,2019-20,25,22,Gender Minority,
268,Northeastern,11/01/2019,2019-20,78,87,ProAms,
269,American,11/01/2019,2019-20,91,95,ProAms,
270,University of Pittsburgh,10/25/2019,2019-20,21,20,Expansion,
271,Yale,10/25/2019,2019-20,176,100,,
272,Penn,10/18/2019,2019-20,54,48,,
273,Brown,10/18/2019,2019-20,64,69,,
274,Harvard,10/11/2019,2019-20,136,80,,
275,Columbia,10/04/2019,2019-20,98,115,,
276,Maryland,10/04/2019,2019-20,49,54,,
277,Smith,09/27/2019,2019-20,39,29,,
278,Haverford,09/27/2019,2019-20,31,24,,
279,University of Virginia,09/27/2019,2019-20,22,13,,
280,Swarthmore,09/20/2019,2019-20,73,146,Novice,
281,George Washington,09/20/2019,2019-20,47,94,Novice,
282,Boston University,09/20/2019,2019-20,98,196,Novice,
283,Brown,09/13/2019,2019-20,27,0,,
284,William and Mary,09/13/2019,2019-20,19,2,,
285,Binghamton University,09/07/2019,2019-20,26,5,Expansion,
286,Johns Hopkins,04/26/2019,2018-19,67,34,Nationals,
287,Wellesley,04/19/2019,2018-19,17,13,Gender Minority,
288,George Washington,04/19/2019,2018-19,19,17,Gender Minority,
289,Dartmouth,04/12/2019,2018-19,28,35,,
290,The College of New Jersey,04/12/2019,2018-19,42,43,,
291,Providence College,04/05/2019,2018-19,34,45,,
292,Swarthmore,04/05/2019,2018-19,66,56,,
293,Princeton,03/29/2019,2018-19,116,109,,
294,American,03/22/2019,2018-19,60,57,,
295,Northeastern,03/22/2019,2018-19,50,47,,
296,Brown,03/15/2019,2018-19,40,32,,
297,William and Mary,03/15/2019,2018-19,16,10,,
298,Temple,03/15/2019,2018-19,11,8,,
299,Stanford,03/16/2019,2018-19,47,29,,
300,Wellesley,03/08/2019,2018-19,16,15,,
301,Franklin and Marshall,03/08/2019,2018-19,32,33,,
302,Boston University,03/01/2019,2018-19,47,45,,
303,NYU,03/01/2019,2018-19,36,42,,
304,Yale,02/22/2019,2018-19,97,100,ProAms,
305,CUNY,02/22/2019,2018-19,56,60,,
306,University of Chicago,02/15/2019,2018-19,11,12,,
307,Binghamton University,02/15/2019,2018-19,21,18,,
308,University of Virginia,02/15/2019,2018-19,37,33,,
309,Georgetown,02/08/2019,2018-19,66,68,,
310,Bates,02/08/2019,2018-19,19,14,,
311,Villanova,02/01/2019,2018-19,47,39,,
312,Brandeis,02/01/2019,2018-19,53,51,,
313,Tufts,01/18/2019,2018-19,46,41,,
314,Carnegie Mellon,01/18/2019,2018-19,33,33,,
315,West Point,01/11/2019,2018-19,25,18,,
316,Wesleyan,12/07/2018,2018-19,33,28,,
317,Haverford,11/30/2018,2018-19,42,44,,
318,Fordham,11/16/2018,2018-19,75,71,,
319,Moody Bible Institute,11/16/2018,2018-19,24,27,,
320,Northeastern,11/09/2018,2018-19,84,93,ProAms,
321,American,11/09/2018,2018-19,80,99,ProAms,
322,CUNY,11/09/2018,2018-19,43,50,ProAms,
323,Penn,11/02/2018,2018-19,80,70,,
324,Brown,11/02/2018,2018-19,81,88,,
325,The College of New Jersey,10/26/2018,2018-19,26,18,,
326,Rutgers,10/19/2018,2018-19,95,88,,
327,George Washington,10/12/2018,2018-19,58,54,,
328,Tufts,10/12/2018,2018-19,63,78,,
329,Harvard,10/06/2018,2018-19,152,142,,
330,Maryland,09/28/2018,2018-19,44,40,,
331,Columbia,09/28/2018,2018-19,69,64,,
332,Johns Hopkins,09/21/2018,2018-19,49,98,Novice,
333,Boston University,09/21/2018,2018-19,121,242,,
334,Swarthmore,09/21/2018,2018-19,52,104,Novice,
335,Smith + Amherst,03/30/2018,2017-18,26,33,,
336,William and Mary,02/09/2018,2017-18,17,9,,
337,Washington University in St. Louis,01/19/2018,2017-18,15,28,,
338,Johns Hopkins,04/20/2018,2017-18,72,37,Nationals,
339,Wellesley,04/13/2018,2017-18,51,70,,
340,Princeton,04/06/2018,2017-18,119,134,,
341,Swarthmore,03/30/2018,2017-18,68,64,,
342,Boston University,03/23/2018,2017-18,34,37,,
343,American,03/23/2018,2017-18,45,32,,
344,Providence College,03/16/2018,2017-18,25,28,,
345,Temple,03/16/2018,2017-18,28,21,,
346,Franklin and Marshall,03/09/2018,2017-18,25,21,,
347,Brown,03/09/2018,2017-18,48,50,,
348,Stanford,03/02/2018,2017-18,56,54,,
349,The College of New Jersey,03/02/2018,2017-18,24,22,,
350,Bates,01/19/2018,2017-18,16,17,,
351,CUNY,02/23/2018,2017-18,51,61,ProAms,
352,Yale,02/23/2018,2017-18,95,106,ProAms,
353,George Washington,02/16/2018,2017-18,41,44,,
354,University of Chicago,02/16/2018,2017-18,20,23,,
355,Dartmouth,02/16/2018,2017-18,22,16,,
356,Binghamton University,02/09/2018,2017-18,8,9,,
357,Tufts,02/09/2018,2017-18,57,61,,
358,Rutgers,02/02/2018,2017-18,98,94,,
359,Carnegie Mellon,01/12/2018,2017-18,13,12,,
360,University of Virginia,04/13/2018,2017-18,37,42,,
361,NYU,01/26/2018,2017-18,52,49,,
362,Georgetown,01/19/2018,2017-18,49,46,,
363,Northeastern,01/12/2018,2017-18,28,25,,
364,The College of New Jersey,12/01/2017,2017-18,39,36,,
365,Brandeis,12/01/2017,2017-18,103,95,,
366,Fordham,11/17/2017,2017-18,116,97,,
367,Wesleyan,11/10/2017,2017-18,21,28,,
368,Moody Bible Institute,11/10/2017,2017-18,22,19,,
369,CUNY,11/10/2017,2017-18,48,47,,
370,Northeastern,11/03/2017,2017-18,90,100,ProAms,
371,American,11/03/2017,2017-18,108,121,ProAms,
372,University of Virginia,10/27/2017,2017-18,32,34,,
373,Yale,10/27/2017,2017-18,173,147,,
374,George Washington,10/20/2017,2017-18,51,60,,
375,Brandeis,10/20/2017,2017-18,47,45,,
376,Penn,10/13/2017,2017-18,64,68,,
377,Brown,10/13/2017,2017-18,76,87,,
378,Harvard,10/06/2017,2017-18,160,175,,
379,Maryland,09/29/2017,2017-18,41,43,,
380,Tufts,09/29/2017,2017-18,47,52,,
381,Boston University,09/22/2017,2017-18,108,216,Novice,
382,Swarthmore,09/22/2017,2017-18,116,232,Novice,
383,University of North Carolina,09/15/2017,2017-18,15,4,,
384,Columbia,09/15/2017,2017-18,71,29,,
385,Williams,09/08/2017,2017-18,23,1,,
386,William and Mary,09/08/2017,2017-18,24,10,,
387,Johns Hopkins,09/01/2017,2017-18,29,1,,
388,University of North Carolina,10/28/2016,2016-17,24,21,,
389,Boston University,09/23/2016,2016-17,100,200,Novice,
390,Moody Bible Institute,11/04/2016,2016-17,25,34,,
391,Rutgers,04/21/2017,2016-17,82,42,Nationals,
392,William and Mary,04/14/2017,2016-17,34,27,,
393,University of Albany,04/14/2017,2016-17,28,24,,
394,Berkeley,04/08/2017,2016-17,19,23,,
395,Swarthmore,04/07/2017,2016-17,54,56,,
396,Dartmouth,04/07/2017,2016-17,29,29,,
397,Princeton,03/31/2017,2016-17,117,109,,
398,Temple,03/24/2017,2016-17,18,18,,
399,University of Virginia,03/24/2017,2016-17,24,18,,
400,Providence College,03/24/2017,2016-17,37,29,,
401,Binghamton University,03/17/2017,2016-17,8,6,,
402,Georgetown,03/17/2017,2016-17,34,34,,
403,Wellesley,03/17/2017,2016-17,39,33,,
404,American,03/10/2017,2016-17,25,25,,
405,Brown,03/10/2017,2016-17,52,34,,
406,Stanford,03/04/2017,2016-17,74,49,,
407,The College of New Jersey,03/03/2017,2016-17,41,47,,
408,George Washington,02/24/2017,2016-17,48,45,,
409,Boston University,02/24/2017,2016-17,55,42,,
410,NYU,02/17/2017,2016-17,50,62,ProAms,
411,Yale,02/17/2017,2016-17,95,104,ProAms,
412,Tulane,02/10/2017,2016-17,26,20,,
413,Franklin and Marshall,02/10/2017,2016-17,28,21,,
414,Northeastern,02/10/2017,2016-17,51,40,,
415,Rutgers,02/03/2017,2016-17,109,96,,
416,Washington University in St. Louis,01/27/2017,2016-17,20,21,,
417,Carnegie Mellon,01/27/2017,2016-17,24,20,,
418,Tufts,01/27/2017,2016-17,63,47,,
419,University of Chicago,01/13/2017,2016-17,22,11,,
420,University of North Carolina,01/13/2017,2016-17,14,10,,
421,Bates,01/13/2017,2016-17,18,24,,
422,Williams,01/06/2017,2016-17,26,20,,
423,Wesleyan,12/02/2016,2016-17,20,13,,
424,Brandeis,12/02/2016,2016-17,116,0,,
425,Fordham,11/18/2016,2016-17,109,88,,
426,CUNY,11/11/2016,2016-17,53,51,,
427,Brown,11/11/2016,2016-17,73,87,,
428,The College of New Jersey,11/04/2016,2016-17,44,47,,
429,Yale,11/04/2016,2016-17,183,139,,
430,Brandeis,10/28/2016,2016-17,77,66,,
431,George Washington,10/21/2016,2016-17,77,76,,
432,Northeastern,10/14/2016,2016-17,82,91,ProAms,
433,American,10/14/2016,2016-17,79,93,ProAms,
434,Harvard,10/07/2016,2016-17,155,147,,
435,University of Pittsburgh,09/30/2016,2016-17,15,14,,
436,Tufts,09/30/2016,2016-17,72,68,,
437,Swarthmore,09/23/2016,2016-17,96,192,Novice,
438,Columbia,09/16/2016,2016-17,84,37,,
439,Smith,09/09/2016,2016-17,43,27,,
440,William and Mary,09/09/2016,2016-17,27,16,,
441,Johns Hopkins,09/02/2016,2016-17,44,19,,
442,Berkeley,04/08/2016,2015-16,8,3,,
443,CUNY,01/08/2016,2015-16,35,37,,
444,NYU,04/22/2016,2015-16,95,61,Nationals,
445,The College of New Jersey,04/15/2016,2015-16,52,49,,
446,Wellesley,04/15/2016,2015-16,48,46,,
447,William and Mary,04/08/2016,2015-16,32,24,,
448,Dartmouth,04/08/2016,2015-16,40,50,,
449,Princeton,04/01/2016,2015-16,125,117,,
450,Amherst,03/25/2016,2015-16,39,42,,
451,University of Virginia,03/25/2016,2015-16,17,18,,
452,Penn,03/25/2016,2015-16,53,49,,
453,Swarthmore,03/18/2016,2015-16,0,0,,
454,Northeastern,03/18/2016,2015-16,49,52,,
455,Georgetown,03/18/2016,2015-16,40,41,,
456,Temple,03/11/2016,2015-16,18,19,,
457,Bates,03/11/2016,2015-16,42,50,,
458,Stanford,03/05/2016,2015-16,68,73,,
459,West Point,03/04/2016,2015-16,35,30,,
460,UMBC,03/04/2016,2015-16,16,16,,
461,American,02/26/2016,2015-16,51,59,,
462,Boston University,02/26/2016,2015-16,80,82,,
463,Franklin and Marshall,02/19/2016,2015-16,31,37,ProAms,
464,Yale,02/19/2016,2015-16,118,136,ProAms,
465,Providence College,02/12/2016,2015-16,48,46,,
466,George Washington,02/12/2016,2015-16,51,51,,
467,Rutgers,02/05/2016,2015-16,99,98,,
468,Washington University in St. Louis,01/29/2016,2015-16,19,20,,
469,University of North Carolina,01/29/2016,2015-16,32,30,,
470,University of Albany,01/29/2016,2015-16,56,50,,
471,Carnegie Mellon,01/15/2016,2015-16,28,28,,
472,Middlebury,01/15/2016,2015-16,37,39,,
473,University of Chicago,01/08/2016,2015-16,22,27,,
474,Williams,12/04/2015,2015-16,13,19,,
475,Brandeis,12/04/2015,2015-16,96,63,,
476,Fordham,11/20/2015,2015-16,109,129,,
477,Wesleyan,11/13/2015,2015-16,36,36,,
478,Maryland,11/13/2015,2015-16,66,65,,
479,Northeastern,11/06/2015,2015-16,96,96,ProAms,
480,American,11/06/2015,2015-16,107,121,ProAms,
481,University of Pittsburgh,10/30/2015,2015-16,25,24,,
482,Brandeis,10/30/2015,2015-16,93,91,,
483,George Washington,10/23/2015,2015-16,76,94,,
484,Tufts,10/23/2015,2015-16,66,69,,
485,Penn,10/16/2015,2015-16,77,82,,
486,Brown,10/16/2015,2015-16,80,103,,
487,Harvard,10/09/2015,2015-16,152,166,,
488,Yale,10/02/2015,2015-16,0,0,,
489,Vassar,10/02/2015,2015-16,30,21,,
490,Swarthmore,09/25/2015,2015-16,0,156,Novice,
491,Boston University,09/25/2015,2015-16,0,0,Novice,
492,Columbia,09/18/2015,2015-16,95,69,,
493,William and Mary,09/11/2015,2015-16,35,18,,
494,Smith,09/11/2015,2015-16,35,17,,
495,Johns Hopkins,09/04/2015,2015-16,60,19,,
496,The College of New Jersey,04/17/2015,2014-15,85,47,Nationals,
497,Wellesley,04/10/2015,2014-15,45,49,,
498,William and Mary,04/03/2015,2014-15,44,40,,
499,UConn,04/03/2015,2014-15,53,72,,
500,University of Chicago,04/03/2015,2014-15,28,34,,
501,University of Virginia,04/10/2015,2014-15,44,52,,
502,Princeton,03/27/2015,2014-15,123,140,,
503,Providence College,03/20/2015,2014-15,29,27,,
504,Georgetown,03/20/2015,2014-15,51,52,,
505,MIT,03/13/2015,2014-15,45,38,,
506,Franklin and Marshall,03/13/2015,2014-15,26,25,,
507,Amherst,03/06/2015,2014-15,39,32,,
508,Stanford,03/07/2015,2014-15,59,70,,
509,West Point,03/06/2015,2014-15,39,29,,
510,Bates,02/27/2015,2014-15,37,37,,
511,Berkeley,02/27/2015,2014-15,11,13,,
512,American,02/27/2015,2014-15,65,76,,
513,Yale,02/20/2015,2014-15,93,109,ProAms,
514,Swarthmore,02/20/2015,2014-15,41,46,ProAms,
515,Boston University,02/13/2015,2014-15,46,41,,
516,George Washington,02/13/2015,2014-15,56,65,,
517,Rutgers,02/06/2015,2014-15,103,96,,
518,Syracuse,01/30/2015,2014-15,29,29,,
519,Washington University in St. Louis,01/30/2015,2014-15,20,22,,
520,The College of New Jersey,01/30/2015,2014-15,55,42,,
521,Carnegie Mellon,01/16/2015,2014-15,31,26,,
522,Dartmouth,01/16/2015,2014-15,41,37,,
523,Middlebury,01/09/2015,2014-15,18,10,,
524,University of North Carolina,01/09/2015,2014-15,26,21,,
525,Brandeis,12/05/2014,2014-15,72,51,,
526,Maryland,11/21/2014,2014-15,66,68,,
527,Northeastern,11/14/2014,2014-15,84,84,ProAms,
528,American,11/14/2014,2014-15,98,131,ProAms,
529,Wesleyan,11/07/2014,2014-15,35,34,,
530,Fordham,11/07/2014,2014-15,80,93,,
531,Brown,10/31/2014,2014-15,61,64,,
532,University of Pittsburgh,10/31/2014,2014-15,29,27,,
533,Tufts,10/24/2014,2014-15,51,51,,
534,George Washington,10/24/2014,2014-15,86,101,,
535,Penn,10/17/2014,2014-15,66,67,,
536,Brandeis,10/17/2014,2014-15,54,57,,
537,Harvard,10/10/2014,2014-15,155,177,,
538,Mount Holyoke,10/03/2014,2014-15,30,21,,
539,Yale,10/03/2014,2014-15,0,0,,
540,Vassar,10/03/2014,2014-15,20,11,,
541,Boston University,09/26/2014,2014-15,0,0,Novice,
542,Swarthmore,09/26/2014,2014-15,110,220,Novice,
543,Columbia,09/19/2014,2014-15,97,79,,
544,Smith,09/12/2014,2014-15,50,47,,
545,William and Mary,09/12/2014,2014-15,43,44,,
546,Johns Hopkins,09/05/2014,2014-15,63,26,,
547,NYU,04/04/2014,2013-14,18,15,,
548,Binghamton University,04/04/2014,2013-14,25,24,,
549,Penn,04/18/2014,2013-14,84,60,Nationals,
550,Georgetown,04/11/2014,2013-14,34,49,,
551,Amherst,04/11/2014,2013-14,39,45,,
552,University of Virginia,04/04/2014,2013-14,27,27,,
553,Princeton,03/28/2014,2013-14,105,115,,
554,Swarthmore,03/21/2014,2013-14,51,52,,
555,Boston University,03/21/2014,2013-14,43,44,,
556,William and Mary,03/14/2014,2013-14,25,15,,
557,MIT,03/14/2014,2013-14,51,55,,
558,Stanford,03/07/2014,2013-14,53,57,,
559,West Point,03/07/2014,2013-14,37,34,,
560,UConn,03/07/2014,2013-14,33,34,,
561,American,02/28/2014,2013-14,59,75,,
562,Bates,02/28/2014,2013-14,22,24,,
563,University of Albany,02/28/2014,2013-14,34,38,,
564,Franklin and Marshall,02/21/2014,2013-14,41,47,ProAms,
565,Yale,02/21/2014,2013-14,91,109,ProAms,
566,Rutgers,02/14/2014,2013-14,65,64,,
567,The College of New Jersey,02/07/2014,2013-14,55,61,,
568,Wellesley,02/07/2014,2013-14,43,45,,
569,George Washington,01/31/2014,2013-14,48,51,,
570,Providence College,01/31/2014,2013-14,56,59,,
571,University of Chicago,01/17/2014,2013-14,32,34,,
572,Middlebury,01/17/2014,2013-14,41,40,,
573,Dartmouth,01/10/2014,2013-14,50,40,,
574,UMBC,12/06/2013,2013-14,34,29,,
575,Brandeis,12/06/2013,2013-14,0,0,,
576,George Washington,11/22/2013,2013-14,77,86,,
577,Tufts,11/22/2013,2013-14,56,70,,
578,Fordham,11/15/2013,2013-14,62,61,,
579,Wesleyan,11/15/2013,2013-14,42,52,,
580,Maryland,11/08/2013,2013-14,59,59,,
581,American,11/01/2013,2013-14,100,118,ProAms,
582,Northeastern,11/01/2013,2013-14,72,84,ProAms,
583,Penn,10/25/2013,2013-14,75,69,,
584,Brown,10/25/2013,2013-14,81,98,,
585,University of Pittsburgh,10/18/2013,2013-14,30,29,,
586,Brandeis,10/18/2013,2013-14,78,88,,
587,Harvard,10/11/2013,2013-14,135,183,,
588,Vassar,10/04/2013,2013-14,56,46,,
589,Yale,10/04/2013,2013-14,0,0,,
590,Swarthmore,09/27/2013,2013-14,93,186,Novice,
591,Boston University,09/27/2013,2013-14,115,230,Novice,
592,Columbia,09/20/2013,2013-14,113,0,,
593,William and Mary,09/13/2013,2013-14,50,45,,
594,Smith,09/13/2013,2013-14,46,30,,
595,Johns Hopkins,09/06/2013,2013-14,80,0,,
596,Maryland,04/19/2013,2012-13,77,37,Nationals,
597,Bryn Mawr,04/12/2013,2012-13,26,23,,
598,University of Chicago,04/12/2013,2012-13,37,40,,
599,Williams,04/12/2013,2012-13,35,40,,
600,University of Virginia,04/05/2013,2012-13,29,27,,
601,Brandeis,04/05/2013,2012-13,78,83,,
602,UConn,03/29/2013,2012-13,35,30,,
603,Swarthmore,03/29/2013,2012-13,60,65,,
604,Cornell,03/29/2013,2012-13,18,22,,
605,Boston University,03/22/2013,2012-13,94,68,,
606,William and Mary,03/15/2013,2012-13,30,17,,
607,Bates,03/15/2013,2012-13,22,15,,
608,Stanford,03/08/2013,2012-13,54,82,,
609,Rutgers,03/08/2013,2012-13,45,41,,
610,MIT,03/01/2013,2012-13,65,61,,
611,West Point,03/01/2013,2012-13,53,51,,
612,University of Albany,02/22/2013,2012-13,32,27,,
613,Franklin and Marshall,02/22/2013,2012-13,47,40,,
614,Providence College,02/22/2013,2012-13,35,27,,
615,Princeton,02/15/2013,2012-13,90,86,,
616,Wellesley,02/08/2013,2012-13,20,21,,
617,NYU,02/08/2013,2012-13,52,51,,
618,Amherst,02/01/2013,2012-13,44,37,,
619,The College of New Jersey,02/01/2013,2012-13,61,42,,
620,George Washington,01/18/2013,2012-13,51,47,,
621,Middlebury,01/18/2013,2012-13,40,39,,
622,Dartmouth,01/11/2013,2012-13,51,36,,
623,Vassar,11/30/2012,2012-13,31,33,,
624,Penn,11/30/2012,2012-13,48,56,,
625,Tufts,11/30/2012,2012-13,57,72,,
626,Wesleyan,11/16/2012,2012-13,36,30,,
627,Fordham,11/16/2012,2012-13,66,53,,
628,American,11/02/2012,2012-13,81,93,ProAms,
629,Northeastern,11/02/2012,2012-13,75,79,ProAms,
630,UMBC,10/26/2012,2012-13,39,30,,
631,Brown,10/26/2012,2012-13,110,108,,
632,University of Chicago,10/19/2012,2012-13,42,84,Novice,
633,Yale,10/19/2012,2012-13,0,0,,
634,Maryland,10/12/2012,2012-13,60,57,,
635,Mount Holyoke,10/12/2012,2012-13,38,33,,
636,George Washington,11/09/2012,2012-13,74,70,,
637,Harvard,10/05/2012,2012-13,140,134,,
638,Swarthmore,09/28/2012,2012-13,73,146,Novice,
639,Boston University,09/28/2012,2012-13,118,236,Novice,
640,University of Pittsburgh,09/21/2012,2012-13,25,17,,
641,Columbia,09/21/2012,2012-13,110,96,,
642,William and Mary,09/14/2012,2012-13,43,41,,
643,Smith,09/14/2012,2012-13,66,43,,
644,Johns Hopkins,09/07/2012,2012-13,83,43,,
645,Williams,01/06/2012,2011-12,37,30,,
646,Wesleyan,04/20/2012,2011-12,74,42,Nationals,
647,George Washington,04/13/2012,2011-12,58,58,,
648,Amherst,04/13/2012,2011-12,44,45,,
649,University of Virginia,04/06/2012,2011-12,39,39,,
650,Cornell,04/06/2012,2011-12,25,29,,
651,Catholic University,03/30/2012,2011-12,31,38,,
652,University of Chicago,03/30/2012,2011-12,40,62,,
653,Swarthmore,03/30/2012,2011-12,48,53,,
654,Boston University,03/23/2012,2011-12,82,84,,
655,William and Mary,03/16/2012,2011-12,28,21,,
656,MIT,03/16/2012,2011-12,56,56,,
657,Franklin and Marshall,03/09/2012,2011-12,28,35,,
658,Bates,03/09/2012,2011-12,24,19,,
659,West Point,03/02/2012,2011-12,54,74,,
660,Providence College,03/02/2012,2011-12,46,42,,
661,UConn,02/24/2012,2011-12,39,36,,
662,Princeton,02/24/2012,2011-12,79,90,,
663,Rutgers,02/17/2012,2011-12,81,78,,
664,The College of New Jersey,02/10/2012,2011-12,33,39,,
665,Brandeis,02/10/2012,2011-12,79,81,,
666,Bryn Mawr,02/03/2012,2011-12,28,32,,
667,NYU,02/03/2012,2011-12,117,116,,
668,Stanford,01/20/2012,2011-12,40,31,,
669,Dartmouth,01/13/2012,2011-12,57,51,,
670,Middlebury,04/06/2012,2011-12,27,31,,
671,Tufts,12/02/2011,2011-12,71,56,,
672,UMBC,12/02/2011,2011-12,29,34,,
673,Wesleyan,11/18/2011,2011-12,23,27,,
674,Fordham,11/18/2011,2011-12,74,78,,
675,George Washington,11/11/2011,2011-12,84,82,,
676,Northeastern,11/04/2011,2011-12,80,91,ProAms,
677,American,11/04/2011,2011-12,87,151,ProAms,
678,Penn,10/28/2011,2011-12,58,57,,
679,Brown,10/28/2011,2011-12,91,97,,
680,Syracuse,10/21/2011,2011-12,19,21,,
681,Yale,10/21/2011,2011-12,0,0,,
682,Maryland,10/14/2011,2011-12,39,38,,
683,Vassar,10/14/2011,2011-12,38,38,,
684,Harvard,10/07/2011,2011-12,135,149,,
685,Swarthmore,09/30/2011,2011-12,80,160,Novice,
686,Boston University,09/30/2011,2011-12,114,228,Novice,
687,Columbia,09/23/2011,2011-12,102,99,,
688,William and Mary,09/16/2011,2011-12,49,63,,
689,Smith,09/16/2011,2011-12,61,49,,
690,Johns Hopkins,09/09/2011,2011-12,82,56,,
691,West Point,04/22/2011,2010-11,100,20,Nationals,
692,Bryn Mawr,04/15/2011,2010-11,30,26,,
693,Amherst,04/15/2011,2010-11,51,25,,
694,Cornell,04/08/2011,2010-11,26,29,,
695,Swarthmore,04/08/2011,2010-11,35,28,,
696,Wesleyan,04/01/2011,2010-11,31,25,,
697,University of Chicago,04/01/2011,2010-11,34,36,,
698,University of Virginia,04/01/2011,2010-11,26,26,,
699,Boston University,03/25/2011,2010-11,74,67,,
700,William and Mary,03/18/2011,2010-11,36,25,,
701,Maryland,03/11/2011,2010-11,22,26,,
702,Brandeis,03/11/2011,2010-11,56,58,,
703,West Point,03/04/2011,2010-11,63,53,,
704,Stanford,03/04/2011,2010-11,40,31,,
705,Rutgers,02/25/2011,2010-11,49,45,,
706,UConn,02/25/2011,2010-11,24,24,,
707,Princeton,02/18/2011,2010-11,90,72,,
708,George Washington,02/11/2011,2010-11,43,50,,
709,Williams,02/11/2011,2010-11,42,43,,
710,Providence College,02/04/2011,2010-11,52,50,,
711,NYU,02/04/2011,2010-11,83,97,,
712,Bates,01/21/2011,2010-11,34,25,,
713,Dartmouth,01/14/2011,2010-11,61,55,,
714,Middlebury,01/07/2011,2010-11,34,27,,
715,UMBC,12/03/2010,2010-11,25,20,,
716,MIT,12/03/2010,2010-11,92,88,,
717,Fordham,11/19/2010,2010-11,82,75,,
718,George Washington,11/12/2010,2010-11,68,68,,
719,Syracuse,11/12/2010,2010-11,26,32,,
720,Northeastern,11/05/2010,2010-11,99,112,ProAms,
721,American,11/05/2010,2010-11,73,80,ProAms,
722,Penn,10/29/2010,2010-11,39,30,,
723,Maryland,10/15/2010,2010-11,47,45,,
724,Tufts,10/29/2010,2010-11,55,47,,
725,Yale,10/22/2010,2010-11,152,0,,
726,Vassar,10/15/2010,2010-11,24,27,,
727,Brown,10/15/2010,2010-11,60,64,,
728,Harvard,10/08/2010,2010-11,135,124,,
729,Swarthmore,10/01/2010,2010-11,70,140,Novice,
730,Boston University,10/01/2010,2010-11,0,143,Novice,
731,Franklin and Marshall,09/24/2010,2010-11,19,20,,
732,Columbia,09/24/2010,2010-11,74,60,,
733,William and Mary,09/17/2010,2010-11,31,27,,
734,Smith,09/17/2010,2010-11,55,38,,
735,Johns Hopkins,09/10/2010,2010-11,70,49,,
736,Syracuse,03/19/2010,2009-10,21,29,,
737,Swarthmore,04/16/2010,2009-10,71,50,Nationals,
738,Rutgers,04/09/2010,2009-10,32,29,,
739,Amherst,04/09/2010,2009-10,57,63,,
740,University of Chicago,04/02/2010,2009-10,54,56,,
741,Cornell,04/02/2010,2009-10,22,27,,
742,University of Virginia,04/02/2010,2009-10,30,36,,
743,Boston University,03/26/2010,2009-10,102,100,,
744,William and Mary,03/19/2010,2009-10,45,46,,
745,Providence College,03/12/2010,2009-10,58,58,,
746,Stanford,03/05/2010,2009-10,48,39,,
747,West Point,03/05/2010,2009-10,62,71,,
748,Franklin and Marshall,02/26/2010,2009-10,18,12,,
749,Brandeis,02/26/2010,2009-10,67,72,,
750,Princeton,02/19/2010,2009-10,104,101,,
751,Bryn Mawr,02/12/2010,2009-10,40,39,,
752,Wellesley,02/12/2010,2009-10,50,39,,
753,NYU,02/05/2010,2009-10,88,85,,
754,George Washington,01/22/2010,2009-10,61,50,,
755,Bates,01/22/2010,2009-10,32,36,,
756,Dartmouth,01/15/2010,2009-10,37,34,,
757,Williams,01/08/2010,2009-10,10,10,,
758,Middlebury,01/08/2010,2009-10,20,18,,
759,Mount Holyoke,12/11/2009,2009-10,14,12,,
760,UMBC,12/04/2009,2009-10,21,21,,
761,MIT,12/04/2009,2009-10,67,81,,
762,Fordham,11/20/2009,2009-10,84,103,,
763,George Washington,11/13/2009,2009-10,59,64,,
764,Brown,11/13/2009,2009-10,80,107,,
765,Northeastern,11/06/2009,2009-10,69,78,ProAms,
766,American,11/06/2009,2009-10,80,80,ProAms,
767,Penn,10/30/2009,2009-10,44,52,,
768,Tufts,10/30/2009,2009-10,66,66,,
769,Maryland,10/16/2009,2009-10,47,55,,
770,Vassar,10/16/2009,2009-10,41,30,,
771,Harvard,10/09/2009,2009-10,146,152,,
772,Columbia,10/02/2009,2009-10,85,67,,
773,Boston University,09/25/2009,2009-10,108,216,Novice,
774,Swarthmore,09/25/2009,2009-10,57,114,Novice,
775,William and Mary,09/18/2009,2009-10,28,0,,
776,Smith,09/18/2009,2009-10,52,0,,
777,Johns Hopkins,09/11/2009,2009-10,67,0,,
778,Wesleyan,04/10/2005,2004-05,60,20,Nationals,
779,Swarthmore,04/01/2005,2004-05,57,50,,
780,Clark,04/01/2005,2004-05,24,19,,
781,University of Chicago,04/01/2005,2004-05,44,44,,
782,Yale,03/25/2005,2004-05,91,74,,
783,University of Virginia,03/18/2005,2004-05,33,23,,
784,Providence College,03/18/2005,2004-05,32,15,,
785,Duke,03/11/2005,2004-05,16,12,,
786,Bates,03/11/2005,2004-05,30,20,,
787,Temple,03/04/2005,2004-05,40,40,,
788,Stanford,03/04/2005,2004-05,40,40,,
789,Mount Holyoke,03/04/2005,2004-05,50,50,,
790,Princeton,02/25/2005,2004-05,94,66,,
791,William and Mary,02/18/2005,2004-05,50,43,,
792,Bowdoin College,02/18/2005,2004-05,40,40,,
793,Rutgers,02/11/2005,2004-05,40,40,,
794,Boston University,02/11/2005,2004-05,81,82,,
795,NYU,02/04/2005,2004-05,100,74,,
796,Bryn Mawr,01/21/2005,2004-05,50,50,,
797,Amherst,01/21/2005,2004-05,40,40,,
798,Dartmouth,01/14/2005,2004-05,40,40,,
799,MIT,12/03/2004,2004-05,84,50,,
800,Bucknell,12/03/2004,2004-05,22,17,,
801,Fordham,11/19/2004,2004-05,101,72,,
802,Penn,11/12/2004,2004-05,77,94,ProAms,
803,Middlebury,11/12/2004,2004-05,50,50,,
804,George Washington,11/05/2004,2004-05,50,50,,
805,Brandeis,11/05/2004,2004-05,50,50,,
806,Brown,10/29/2004,2004-05,40,40,,
807,American,10/29/2004,2004-05,32,24,,
808,Vassar,10/22/2004,2004-05,32,32,,
809,Columbia,10/22/2004,2004-05,73,60,,
810,Harvard,10/15/2004,2004-05,157,60,,
811,Wesleyan,10/08/2004,2004-05,56,66,,
812,Maryland,10/08/2004,2004-05,31,50,,
813,Smith,10/01/2004,2004-05,79,75,,
814,UMBC,10/01/2004,2004-05,55,55,,
815,Swarthmore,09/24/2004,2004-05,40,40,Novice,
816,Boston University,09/24/2004,2004-05,80,160,Novice,
817,Williams,09/17/2004,2004-05,54,50,,
818,Haverford,09/17/2004,2004-05,57,47,,
819,Johns Hopkins,09/10/2004,2004-05,60,29,,
820,Columbia,09/26/2008,2008-09,68,0,,
821,Rutgers,04/03/2009,2008-09,28,31,,
822,Clark,04/03/2009,2008-09,35,40,,
823,American,11/14/2008,2008-09,58,70,,
824,Mount Holyoke,04/24/2009,2008-09,74,0,Nationals,
825,Maryland,04/17/2009,2008-09,26,30,,
826,Amherst,04/17/2009,2008-09,42,38,,
827,Williams,04/10/2009,2008-09,21,18,,
828,Swarthmore,04/10/2009,2008-09,47,51,,
829,University of Chicago,04/03/2009,2008-09,46,50,,
830,Princeton,03/27/2009,2008-09,92,96,,
831,Providence College,03/20/2009,2008-09,30,32,,
832,University of Virginia,03/20/2009,2008-09,17,12,,
833,MIT,03/13/2009,2008-09,64,62,,
834,West Point,03/06/2009,2008-09,61,44,,
835,Stanford,03/06/2009,2008-09,37,31,,
836,Skidmore,02/27/2009,2008-09,21,16,,
837,George Washington,02/27/2009,2008-09,51,51,,
838,Maryland,02/20/2009,2008-09,25,27,,
839,Boston University,02/20/2009,2008-09,81,80,,
840,William and Mary,02/13/2009,2008-09,19,21,,
841,Wellesley,02/13/2009,2008-09,30,31,,
842,Brandeis,02/06/2009,2008-09,77,80,,
843,Bryn Mawr,02/06/2009,2008-09,35,44,,
844,NYU,01/30/2009,2008-09,95,80,,
845,Dartmouth,01/16/2009,2008-09,44,36,,
846,Middlebury,01/09/2009,2008-09,24,22,,
847,Northeastern,12/05/2008,2008-09,40,36,,
848,Bucknell,12/05/2008,2008-09,17,20,,
849,Fordham,11/21/2008,2008-09,95,80,,
850,Cornell,11/14/2008,2008-09,42,34,,
851,Penn,11/07/2008,2008-09,85,111,ProAms,
852,Tufts,11/07/2008,2008-09,71,79,ProAms,
853,Wesleyan,10/31/2008,2008-09,12,13,,
854,Brown,10/31/2008,2008-09,73,58,,
855,Yale,10/24/2008,2008-09,92,60,,
856,George Washington,10/17/2008,2008-09,49,60,,
857,Vassar,10/17/2008,2008-09,28,22,,
858,Harvard,10/10/2008,2008-09,137,87,,
859,William and Mary,09/19/2008,2008-09,34,0,,
860,Smith,09/19/2008,2008-09,78,0,,
861,Johns Hopkins,09/12/2008,2008-09,62,0,,
862,Vassar,04/21/2007,2006-07,71,28,Nationals,
863,MIT,04/18/2008,2007-08,100,20,Nationals,
864,Wellesley,04/11/2008,2007-08,40,39,,
865,Swarthmore,04/11/2008,2007-08,40,31,,
866,Williams,04/04/2008,2007-08,26,22,,
867,University of Chicago,04/04/2008,2007-08,36,32,,
868,University of Virginia,04/04/2008,2007-08,28,31,,
869,Princeton,03/28/2008,2007-08,96,53,,
870,William and Mary,03/21/2008,2007-08,26,17,,
871,Skidmore,03/21/2008,2007-08,14,16,,
872,Clark,03/21/2008,2007-08,22,19,,
873,Providence College,03/14/2008,2007-08,35,33,,
874,American,03/14/2008,2007-08,16,13,,
875,Stanford,03/07/2008,2007-08,27,20,,
876,West Point,03/07/2008,2007-08,61,57,,
877,Boston University,02/29/2008,2007-08,66,63,,
878,Rutgers,02/29/2008,2007-08,29,26,,
879,Northeastern,02/22/2008,2007-08,27,23,,
880,Columbia,02/22/2008,2007-08,62,71,,
881,Amherst,02/15/2008,2007-08,28,26,,
882,William and Mary,02/15/2008,2007-08,27,23,,
883,Brandeis,02/08/2008,2007-08,67,60,,
884,Bryn Mawr,02/08/2008,2007-08,20,19,,
885,NYU,02/01/2008,2007-08,97,83,,
886,Bates,01/18/2008,2007-08,22,18,,
887,Dartmouth,01/11/2008,2007-08,46,37,,
888,Mount Holyoke,12/07/2007,2007-08,32,30,,
889,MIT,11/30/2007,2007-08,69,64,,
890,Bucknell,11/30/2007,2007-08,29,27,,
891,Fordham,11/16/2007,2007-08,81,69,,
892,Tufts,11/09/2007,2007-08,87,110,ProAms,
893,Penn,11/09/2007,2007-08,62,0,ProAms,
894,Cornell,11/03/2007,2007-08,35,40,,
895,George Washington,11/03/2007,2007-08,71,0,,
896,Yale,10/26/2007,2007-08,112,78,,
897,Wesleyan,10/19/2007,2007-08,51,0,,
898,Maryland,10/19/2007,2007-08,39,0,,
899,Brown,10/12/2007,2007-08,57,60,,
900,Vassar,10/12/2007,2007-08,16,16,,
901,American,10/12/2007,2007-08,29,27,,
902,Harvard,10/05/2007,2007-08,124,108,,
903,Boston University,09/28/2007,2007-08,114,0,Novice,
904,Swarthmore,09/28/2007,2007-08,0,0,Novice,
905,Smith,09/21/2007,2007-08,58,0,,
906,George Washington,09/21/2007,2007-08,20,20,,
907,Johns Hopkins,09/14/2007,2007-08,48,0,,
908,Columbia,09/07/2007,2007-08,22,44,Novice,
909,Yale,10/27/2006,2006-07,101,34,,
910,Princeton,03/31/2007,2006-07,77,68,,
911,Providence College,03/24/2007,2006-07,30,28,,
912,Amherst,04/14/2007,2006-07,50,51,,
913,Rutgers,04/14/2007,2006-07,30,28,,
914,Clark,04/07/2007,2006-07,27,25,,
915,University of Chicago,04/07/2007,2006-07,29,22,,
916,Bryn Mawr,02/10/2007,2006-07,24,22,,
917,Swarthmore,04/07/2007,2006-07,36,31,,
918,Dartmouth,01/20/2007,2006-07,52,50,,
919,NYU,02/03/2007,2006-07,100,80,,
920,Haverford,03/24/2007,2006-07,32,26,,
921,Brandeis,03/17/2007,2006-07,37,27,,
922,UMBC,03/10/2007,2006-07,27,23,,
923,West Point,03/03/2007,2006-07,35,40,,
924,Columbia,02/24/2007,2006-07,73,68,,
925,William and Mary,02/17/2007,2006-07,35,26,,
926,Middlebury,01/13/2007,2006-07,28,24,,
927,Bucknell,12/03/2006,2006-07,23,29,,
928,Fordham,11/17/2006,2006-07,69,54,,
929,Maryland,10/13/2006,2006-07,33,30,,
930,George Washington,11/03/2006,2006-07,68,44,,
931,UMBC,09/23/2006,2006-07,32,20,,
932,University of Virginia,03/17/2007,2006-07,16,9,,
933,Mount Holyoke,03/10/2007,2006-07,38,31,,
934,MIT,12/03/2006,2006-07,72,75,,
935,Boston University,02/10/2007,2006-07,76,75,,
936,Smith,09/23/2006,2006-07,69,61,,
937,Wellesley,03/03/2007,2006-07,36,35,,
938,Stanford,03/03/2007,2006-07,27,25,,
939,Skidmore,02/24/2007,2006-07,25,24,,
940,Brown,11/03/2006,2006-07,117,147,,
941,American,10/20/2006,2006-07,39,27,,
942,Cornell,10/20/2006,2006-07,31,34,,
943,Wesleyan,10/13/2006,2006-07,75,71,,
944,Williams,02/17/2007,2006-07,21,31,,
945,Penn,11/10/2006,2006-07,84,104,ProAms,
946,Tufts,11/10/2006,2006-07,62,70,ProAms,
947,Harvard,10/07/2006,2006-07,134,123,,
948,Johns Hopkins,09/16/2006,2006-07,54,31,,
949,Fordham,04/08/2006,2005-06,73,28,Nationals,
950,Maryland,10/21/2005,2005-06,27,23,,
951,Clark,03/31/2006,2005-06,39,39,,
952,Rutgers,01/20/2006,2005-06,38,27,,
953,University of Chicago,03/31/2006,2005-06,37,31,,
954,Swarthmore,03/31/2006,2005-06,60,62,,
955,Yale,03/24/2006,2005-06,94,97,,
956,Cornell,03/10/2006,2005-06,26,22,,
957,University of Virginia,03/17/2006,2005-06,26,22,,
958,Haverford,09/16/2005,2005-06,33,20,,
959,Columbia,10/14/2005,2005-06,75,54,,
960,Providence College,03/17/2006,2005-06,40,37,,
961,UMBC,03/10/2006,2005-06,24,25,,
962,Stanford,03/03/2006,2005-06,39,19,,
963,Temple,03/03/2006,2005-06,32,26,,
964,Boston University,02/10/2006,2005-06,69,71,,
965,Mount Holyoke,03/03/2006,2005-06,33,25,,
966,Fordham,11/18/2005,2005-06,81,78,,
967,American,10/28/2005,2005-06,29,31,,
968,Harvard,10/07/2005,2005-06,161,145,,
969,Amherst,02/24/2006,2005-06,39,41,,
