Debater,Partner School,Rounds
Aadhav Raviarasan,NYU,94
Aadhavaarasan Raviarasan,NYU,49
Aadhavaarasan Raviarasan,Boston University,8
Aadhavaarasan Raviarasan,Rutgers,4
Aaraj Vij,William and Mary,11
Aaron Kahn,Swarthmore,22
Aaron Mesa,Yale,34
Aaron Rajput,American,54
Aaron Rajput,William and Mary,10
Aaron Rajput,George Washington,8
Aaron Rajput,Wellesley,6
Aaron Rajput,Johns Hopkins,2
Aaron Yang,University of Chicago,2
Aashna Parikh,Princeton,8
Aashray Khanna,Harvard,8
Aashray Khanna,Georgetown,6
Aashray Khanna,Penn,6
Aayush Bhargava,Maryland,70
Aba Tieku,William and Mary,20
Aba Tieku,Georgetown,4
Aba Tieku,University of Pittsburgh,2
Abby Fechisso,University of Massachusetts,2
Abby Poprocki,Princeton,10
Abdalla Hassan,George Washington,6
Abdul Rafay,Bates,18
Abdul Wahab,CUNY,10
Abdullah Mejjallid,University of Massachusetts,22
Abha Dahal,Lehigh,10
Abha Dahal,Temple,8
Abhay Sankar,Princeton,24
Abigail Fechisso,University of Massachusetts,20
Abigail Hill,Georgetown,85
Abigail Hill,George Washington,44
Abigail Hill,William and Mary,42
Abigail Hill,University of Chicago,16
Abigail Hill,Penn,10
Abigail Hill,Johns Hopkins,8
Abigail Hill,MIT,8
Abigail Mammo,Brown,14
Abigail Rudnitsky,Bates,8
Abigail Sterner,Swarthmore,16
Abra Mazzeo,Swarthmore,22
Abraham Paik,Williams,32
Abraham Paik,Columbia,8
Adam Harrington,Maryland,26
Adam Harrington,Rutgers,4
Adam Harrington,George Washington,2
Adam Jensen,University of Chicago,16
Adam Pochobut,University of Massachusetts,40
Addie Gill,Tufts,34
Adi Ram,University of Chicago,35
Adi Ram,Tufts,12
Adi Ram,Penn,8
Adi Ram,William and Mary,8
Adi Ram,Yale,7
Adi Ram,Harvard,4
Adi Ram,Vassar,2
Adiba Ejaz,Columbia,18
Adina Almenova,Wellesley,24
Adithi Attada,Swarthmore,10
Aditya Dhar,Harvard,30
Aditya Jayakrishnan,Penn,6
Aditya Jayakrishnan,Swarthmore,4
Aditya Jayakrishnan,CUNY,2
Aditya Pandey,NYU,8
Admir Radoncic,Temple,6
Admir Radoncic,George Washington,4
Adrian Duran,Haverford,6
Adrian Pani,Rutgers,32
Adrian Pani,George Washington,6
Adrian Ramirez,Harvard,4
Adrian Turkedjiev,Yale,37
Adrian Turkedjiev,Brown,8
Advik Sharma,Northwestern,8
Advika Sadasivan,Stanford,10
Aemen Iqbal,NYU,8
Agustin Duarte Baracat,University of Chicago,10
Ahmad Howard,University of Chicago,131
Ahmad Howard,Tufts,24
Ahmad Howard,Georgetown,10
Ahmad Howard,Harvard,8
Ahmad Howard,Johns Hopkins,4
Ahmad Howard,Yale,2
Ahmadou Diawara,William and Mary,10
Aidan Cao,Pace,10
Aidan Gahr,Georgetown,4
Aidan Gillies,Georgetown,108
Aidan Gillies,George Washington,4
Aidan Haya,Columbia,17
Aidan Healy,Yale,10
Aidan Hollinger-Miles,University of Chicago,22
Aidan Shannon,University of Chicago,102
Aidan Shannon,George Washington,10
Aidan Shannon,Georgetown,5
Aidan Thompson,Fordham,74
Aidan Thompson,NYU,14
Aidan Thompson,Rutgers,6
Aidan Vissers,Harvard,8
Aidan Wang,Fordham,16
Aiden Alanmanou,Harvard,10
Aiden Zhang,Tufts,73
Aiden Zhang,Amherst,28
Aiden Zhang,Brandeis,20
Aiden Zhang,Northeastern,20
Aiden Zhang,Brown,8
Aiden Zhang,Yale,8
Aiden Zhang,NYU,4
Aiden Zhang,Bates,2
Aidric Potkovic,University of Virginia,27
Ailin Jia,NYU,118
Ailin Jia,Penn,2
Aimee Zhang,George Washington,8
Aimee Zhang,University of Pittsburgh,8
Aina Nadeem,Dartmouth,14
Aislinn O'Brien,Boston University,6
Aiza Nygman,Temple,6
Aizaz Bokhari,NYU,12
Aizaz Bokhari,Rutgers,8
Akaash Kolluri,Stanford,6
Akash Shivakumaar,American,10
Akhila Gainedi,University of Massachusetts,8
Akilan Sankaran,Harvard,20
Akshaj Ganta,UConn,34
Akshaj Ganta,Northeastern,8
Akshara Desai,Columbia,10
Akshay Srinivasan,Binghamton University,16
Akshay Srinivasan,Swarthmore,10
Akshay Srinivasan,Villanova,2
Alan Cai,Amherst,28
Alan Cai,University of Chicago,6
Alana Sung,Wellesley,4
Albert Shore,Columbia,44
Albert Shore,Johns Hopkins,10
Albert Shore,University of Chicago,8
Albert Shore,Temple,6
Albi Manfredi,University of Virginia,12
Ale Perri,University of Chicago,122
Ale Perri,Yale,28
Ale Perri,Tufts,14
Ale Perri,Georgetown,8
Aleisha Martinez Sandoval,Bates,6
Aleisha Martinez-Sandoval,Bates,2
Alejandra Avila,Columbia,12
Alejandro Franqui Ferrer,Brandeis,12
Alejandro Franqui Ferrer,Boston University,9
Alejandro Franqui-Ferrer,Brandeis,60
Alejandro Franqui-Ferrer,Boston University,10
Alejandro Herrera,Bentley University,6
Alessandro Perri,University of Chicago,6
Alex Abarca,Yale,6
Alex Aharon,Temple,10
Alex Bavalsky,Yale,8
Alex Bavalsky,Brandeis,2
Alex Bradu,University of Chicago,4
Alex Chang,Johns Hopkins,4
Alex Dischler,American,16
Alex Dischler,University of Virginia,4
Alex Ellerstein,University of Chicago,14
Alex Elstrodt,University of Virginia,62
Alex Elstrodt,Brandeis,4
Alex Elstrodt,Rutgers,4
Alex Gerber,William and Mary,84
Alex Gerber,Georgetown,42
Alex Gerber,George Washington,30
Alex Gerber,University of Chicago,30
Alex Gerber,Brown,10
Alex Gordon,Yale,42
Alex Hanna,University of Virginia,70
Alex Hanna,George Washington,6
Alex Lee,Washington University in St. Louis,24
Alex Lee,Harvard,20
Alex Margulis,Princeton,2
Alex Nielsen,Stanford,10
Alex Purn,Rutgers,4
Alex Rodgers,University of Chicago,14
Alex Romero,Georgetown,12
Alex Romero,George Washington,2
Alex Schramm,Brown,18
Alex Stewart,Tufts,28
Alex Stewart,Wesleyan,8
Alex Weissman,University of Chicago,2
Alexa Murphy,Northwestern,8
Alexander Chang,Johns Hopkins,36
Alexander Gerber,William and Mary,12
Alexander Gerber,Georgetown,6
Alexander Wong,Brown,8
Alexandra Bates,Boston College,8
Alexandra Uy-Tioco,Penn,48
Alexandra Uy-Tioco,Georgetown,18
Alexandra Uy-Tioco,Johns Hopkins,8
Alexandra Uy-Tioco,University of Chicago,8
Alexandra Uy-Tioco,Columbia,4
Alexandra Uy-Tioco,NYU,2
Alexandra Webster,Carnegie Mellon,10
Alexandra Webster,University of Pittsburgh,8
Alexandra Webster,Rutgers,4
Alexandria Westray,Harvard,8
Alexis Martos,University of Massachusetts,18
Alexis Nieves,Yale,20
Alexis Pickering,Pace,26
Ali Ahmad,Penn,12
Ali Medina,Harvard,13
Alice Marchant,Boston University,24
Alice Marchant,Brandeis,6
Alice Marchant,Wellesley,4
Alice Meroli,Rutgers,10
Alice Yeo,Fordham,10
Alicia Chen,Penn,2
Alicja Wolinska,University of Chicago,18
Alina Su,Harvard,10
Alison Chan,Georgetown,6
Alison Chan,George Washington,4
Alison Chan,Princeton,4
Alison Ren,Washington University in St. Louis,8
Alitza Soiffer,University of Chicago,6
Allan Lee,Penn,10
Allegra Hoddie,Boston University,45
Allegra Hoddie,Dartmouth,8
Allie Ruiz,Yale,10
Allie Wu,Binghamton University,6
Allison Barrie,Harvard,10
Allison Cooper,Washington University in St. Louis,32
Allison Li,Johns Hopkins,20
Allison Li,Wellesley,20
Allison Li,Northeastern,4
Allison Li,Princeton,2
Allison Ross,American,6
Allison Su,Johns Hopkins,4
Ally Ross,Penn,10
Ally Ross,Georgetown,4
Ally Ross,William and Mary,4
Allyson Lee,NYU,6
Alpha Zhang,Princeton,4
Alvaro Marin Garcia,Williams,20
Alyssa Zhang,Wellesley,12
Amal Sayed,Harvard,6
Amala Karri,George Washington,14
Aman Sharma,University of Chicago,17
Amanda Azia,William and Mary,6
Amanda Azia,George Washington,2
Amanda Wickstrom,George Washington,35
Amara Nwuneli,University of Chicago,4
Amaris Hester,Yale,8
Amaya Ranatunge,Amherst,6
Amber Pascovici,Dartmouth,10
Ambika Grover,Harvard,6
Ambika Rao,NYU,4
Amelia Bandy,George Washington,80
Amelia Jones,Smith,14
Amelia Jones,Amherst,10
Amelia Matin,Maryland,40
Amelia Peck,University of Virginia,16
Amelia Peck,University of Chicago,4
Amelia Rybicka-Fijol,University of Chicago,26
Amelia Rybicka-Fijol,Temple,6
Amethyst Stencik,Fordham,32
Amina Taslim,Rutgers,6
Amira Bhutani,Columbia,12
Amira Bhutani,University of Chicago,6
Amishai Goodman-Goldstein,American,8
Amit Banerjee,University of Pittsburgh,4
Ammar Aziz,Penn,10
Amna Amin,Princeton,12
Amna Amin,University of Pittsburgh,4
Amy Chang,Stanford,141
Amy Kim,Johns Hopkins,6
Amy Kim,University of Pittsburgh,2
Amy Lawton,Fordham,6
Amy Ma,University of Chicago,24
Amy Rose,Wellesley,18
Amy Sun,Bates,30
Amy Zhang,Harvard,14
An-Lanh Le,Princeton,6
Ana Carolina Marques Perez,George Washington,16
Ana Marques Perez,George Washington,38
Anagha Khisti,UConn,14
Anahi Otavalo,Harvard,8
Anandya Sampath,William and Mary,6
Ananya Ganesh,Harvard,14
Ananya Kalahasti,George Washington,42
Ananya Kalahasti,Georgetown,22
Ananya Kalahasti,Northeastern,10
Ananya Kalahasti,Johns Hopkins,9
Ananya Kalahasti,Tufts,6
Ananya Kalahasti,Harvard,2
Anat Karapanagiotidou,University of Chicago,8
Andrea Ulloa,University of Chicago,20
Andres Mendoza Casas,Rutgers,8
Andres Mendozas Casas,Rutgers,20
Andrew Avalos,Northeastern,27
Andrew Chizewer,Stanford,6
Andrew Choi,NYU,14
Andrew Cui,University of Chicago,35
Andrew Harding,George Washington,35
Andrew Harrington,University of Chicago,14
Andrew Harrington,University of Pittsburgh,4
Andrew Kaman,University of Chicago,2
Andrew Kamen,University of Chicago,4
Andrew Lee,Georgetown,10
Andrew Li,Columbia,4
Andrew Liang,University of Chicago,4
Andrew Monteith,Brown,80
Andrew Monteith,Bates,26
Andrew Monteith,William and Mary,10
Andrew Monteith,Williams,10
Andrew Monteith,Johns Hopkins,8
Andrew Monteith,Penn,8
Andrew Monteith,Georgetown,6
Andrew Monteith,George Washington,4
Andrew Monteith,Columbia,2
Andrew Monteith,Northeastern,2
Andrew Monteith,University of Chicago,2
Andrew Pribe,University of Chicago,8
Andrew Robinson,Harvard,14
Andrew Rozenblit,Tufts,27
Andrew Rozenblit,Brandeis,9
Andrew Rozenblit,Columbia,8
Andrew Rozenblit,Northeastern,8
Andrew Shi,University of Chicago,118
Andrew Steptoe,Brown,5
Andrew Sun,University of Chicago,10
Andrew Yu,Harvard,6
Andrew Zhang,Johns Hopkins,2
Andrew Zhao,Yale,6
Andy Lin,University of Virginia,5
Andy Shufer,Georgetown,4
Andy Wang,Harvard,44
Anelise Peterson,Smith,18
Ang Sonam Sherpa,Harvard,13
Angel Asare,Princeton,16
Angela Colegio,Harvard,8
Angela Jia,Columbia,16
Angela Jia,University of Chicago,4
Angela Morales,Fordham,4
Angela Zhang,Dartmouth,18
Angelina Villalobos,Amherst,8
Angeline Agnel,Rutgers,10
Angelique Dinnall,Rutgers,8
Angelo Leng,Carnegie Mellon,5
Angelo Pacheco,Binghamton University,2
Angier Lei,George Washington,12
Anh Cao,Harvard,8
Anika Khanna,University of Virginia,6
Anika Khanna,University of Chicago,4
Animesh Joshi,Columbia,2
Anirudh Rangesh,Boston College,8
Anirudh Vats,Carnegie Mellon,18
Anirudh Vats,University of Virginia,4
Anish Beeram,Yale,4
Anish Welde,Penn,45
Anish Welde,Georgetown,10
Anish Welde,Brandeis,4
Anishka Varma,University of Massachusetts,6
Ann Garth,Brown,44
Ann Garth,Northeastern,6
Ann Garth,Harvard,4
Ann Tran,Dartmouth,8
Ann Wang,Harvard,16
Anna Brutocao,University of Chicago,26
Anna Eliasson,Tufts,10
Anna Gustafson,Maryland,81
Anna Kate Lembke,Brown,12
Anna Ketrenos,Tufts,6
Anna Kim,Brown,42
Anna Kim,Northeastern,6
Anna Kim,Wellesley,4
Anna Miller,Brown,6
Anna Newell,Maryland,18
Anna Pinkerton,George Washington,86
Anna Pinkerton,University of Virginia,8
Anna Smith,Wellesley,16
Annabelle Xing,Yale,6
Annabeth Golden,American,6
Annamaria Antony,Stanford,8
Anne Fox,American,20
Anne Jiang,Wellesley,18
Anne Jiang,Brown,4
Anne Motoviloff,Wellesley,10
Annette Kim,Swarthmore,18
Annette Kim,Rutgers,8
Annie Abruzzo,Swarthmore,10
Annie Li,Wellesley,14
Annmaria Antony,Stanford,16
Anqi Qu,University of Chicago,10
Anshul Khakar,Tufts,2
Antara Martins,Harvard,6
Anthony Chandler,University of Virginia,10
Anthony Lee,NYU,6
Anthony Sweatt,Bentley University,6
Anthony Vitale,Tufts,6
Anubhav Agarwal,Princeton,4
Anuhya Mandava,Northeastern,4
Anuj Lohtia,Brown,8
Anushri Dwivedi,Rutgers,24
Anuska Achayra,Wellesley,4
Anvitha Reddy,Georgetown,10
Anya Draves,Penn,2
Anza Rizvi,Boston University,6
Aoi Nakata,Harvard,10
Arav Juneja,Maryland,14
Araya Miller,Yale,4
Ari Gabriel,Stanford,8
Ari Hahn,Bates,91
Ari Hahn,Columbia,22
Ari Hahn,Northeastern,10
Ari Hahn,Lehigh,8
Aria Jolly,University of Chicago,10
Aria-Vue Daugherty,Harvard,26
Arianna Hellman,Tufts,20
Ariel Bernal,University of Virginia,10
Ariel Qi,Penn,4
Ariela Gjergji,Bentley University,6
Ariela Stoylar,CUNY,6
Arik Karim,George Washington,80
Arik Karim,Georgetown,10
Arik Karim,Brown,4
Arjan Singh,University of Virginia,2
Arjun Chopra,Brown,2
Armaan Kalsi,Yale,4
Arman Entezar,Brandeis,20
Arman Kassam,Tufts,8
Arman Kassam,MIT,4
Arman Syed,Bates,36
Arman Syed,Amherst,9
Arman Tendulkar,Tufts,11
Armin Sumansky,Bates,4
Arnav Khode,University of Virginia,8
Arnav Khode,University of Pittsburgh,4
Arnav Nigam,University of Chicago,14
Arnav Paliwal,Carnegie Mellon,38
Arnav Paliwal,Dartmouth,2
Arnav Paliwal,George Washington,2
Arnold Miao,Amherst,4
Aroush Amir Ali,Wellesley,10
Arth Gupta,Carnegie Mellon,8
Arthur Park,Penn,10
Arthur Park,Johns Hopkins,8
Arun Sharma,Yale,18
Arushi Agarwal,Penn,8
Arya Royal,University of Virginia,10
Arya Royal,George Washington,4
Arya Royal,University of Pittsburgh,4
Aryan Agarwal,Yale,24
Aryan Sehgal,Yale,14
Aryan Sehgal,Bard,8
Aryan Singh,Johns Hopkins,8
Aryanna Ram,Dartmouth,32
Ash Bu,Harvard,24
Asher Nyhoff,Dartmouth,4
Asher Spector,Harvard,20
Ashley Fan,Princeton,6
Ashley Ganesh,Smith,2
Ashley Kim,Lehigh,10
Ashley Kim,Bates,8
Ashley Mui,NYU,6
Ashton Higgins,Johns Hopkins,16
Ashton Higgins,Brown,12
Ashton Higgins,Amherst,6
Ashton Higgins,Northeastern,6
Ashton Higgins,Yale,5
Ashvika Singhal,Princeton,4
Ashvin Baker,Boston University,8
Ashwin Laksumanage,University of Chicago,6
Asim Omi,Stony Brook University,2
Atharv Dimri,Wesleyan,8
Athena Siow,Harvard,6
Athena Wooters,American,6
Athena Zhou,Harvard,6
Atlas Tan,Williams,6
Atlas Tan,Penn,4
Atlas Tan,Harvard,2
Atticus Hempel,Northeastern,2
Aubrey Shen,Columbia,7
Audra Plackner,Pace,14
Audrey An,Johns Hopkins,6
Audrey Hardymon,William and Mary,12
Audrey Higley,Brown,6
Audrey Higley,Boston University,4
Audrey J. Higley,Wellesley,16
Audrey J. Higley,Boston University,6
Audrey Shing,Northeastern,10
Audrey Shing,Brown,6
Audrey Shing,Wellesley,6
Audrey Shing,Tufts,4
Audrey Shing,Smith,2
Audrey Tao,Wellesley,22
Audrey Zhou,Amherst,16
Austin Goldsmith-Lachut,Harvard,12
Austin Stapleton,Hamilton,2
Ava Blakeley,Williams,6
Ava Blakley,Williams,10
Ava Bridges,Bowdoin College,8
Ava Graff,Columbia,1
Ava Schneiberg,Georgetown,14
Ava Stryker-Robbins,Brown,2
Avian Caldwell,University of Massachusetts,6
Avirul Islam,NYU,6
Avni Chadha,Yale,43
Avni Chadha,Harvard,4
Ayanna Uppal,Princeton,10
Ayomade Adeolu-Akande,Dartmouth,50
Ayush Ajmani,Dartmouth,2
Ayush Gupta,Georgetown,6
Azima Aidarov,Brown,6
Azima Aidarov,Boston University,4
Bart Kaminski,George Washington,56
Bart Kaminski,William and Mary,50
Bart Kaminski,University of Virginia,24
Bart Kaminski,Johns Hopkins,12
Bart Kaminski,Wellesley,4
Bart Kaminski,Harvard,2
Bartholomew Kaminski,William and Mary,12
Bartholomew Kaminski,University of Virginia,8
Bartholomew Kaminski,George Washington,7
Bartholomew Kaminski,Georgetown,5
Bartholomew Kaminski,Johns Hopkins,4
Baylee Baker,Lehigh,22
Bekah Agwunobi,Columbia,19
Bela Bhushan,Wesleyan,6
Bellagio Ti,Pace,8
Ben Anderson,Stanford,8
Ben Cortez,University of Chicago,10
Ben Daniels,Yale,4
Ben Horning,Georgetown,10
Ben Kessler,Rutgers,5
Ben Kessler,Johns Hopkins,4
Ben Kessler,Swarthmore,2
Ben Koch,University of Chicago,88
Ben Koch,Yale,10
Ben Lee,Swarthmore,6
Ben Lee,Princeton,2
Ben Levy,Brown,2
Ben Park,Yale,54
Ben Scherzer,Columbia,26
Ben Scherzer,Johns Hopkins,12
Ben Schwartz,Stanford,4
Ben Who,Brown,2
Benedict Morrow,University of Massachusetts,22
Benjamin Grimes,Brandeis,18
Benjamin Grimes,Columbia,6
Benjamin Mione,Rutgers,24
Benjamin Mione,Columbia,4
Benjamin Risman,Brandeis,12
Benjamin Scherzer,Columbia,28
Benjamin Scherzer,George Washington,6
Benjamin Scherzer,Yale,2
Benjamin Thomas,Stanford,145
Benji Grimes,Brandeis,46
Benji Grimes,Brown,20
Benji Grimes,Tufts,15
Benji Grimes,Columbia,6
Benji Grimes,Rutgers,4
Benji Grimes,Boston University,3
Benny Nicholson,University of Chicago,46
Benny Nicholson,Yale,6
Benny Nicholson,Johns Hopkins,2
Berk Oto,University of Virginia,4
Betty Dong,Northwestern,10
Betty Dong,Smith,6
Betty Nguyen,Harvard,6
Bhavani Nair,University of Delaware,7
Bianca Ly,Harvard,13
Bijan Taheri,Swarthmore,21
Bill Chung,Harvard,8
Bill Chung,University of Chicago,6
Bishwo Jeet Bista,Harvard,8
Blaise Trodden,Bentley University,4
Blake Lyman,University of Massachusetts,24
Blake Lyman,Tufts,10
Blake Zou,Georgetown,48
Blake Zou,Penn,8
Blake Zou,University of Virginia,8
Bo Xin Zhao,Yale,18
Boah Kim,Georgetown,4
Bohou Zhang,Swarthmore,10
Bomin Koo,Yale,14
Boubacar Coulibaly,Lehigh,12
Bowser Liu,University of Chicago,82
Bowser Liu,Penn,10
Braden Farley,Grove City College,8
Bradley Tidwell,Yale,52
Bradley Tidwell,NYU,7
Bradley Tidwell,Tufts,6
Brady Keith,Penn,4
Brandon Burton,University of Virginia,117
Brandon Burton,George Washington,24
Brandon Cheng,Harvard,10
Brandon Korn,Northeastern,8
Brandon Korn,Princeton,6
Brandon Korn,Swarthmore,2
Brandon Wang,University of Chicago,4
Brendan Case,Bentley University,10
Brendan Finnegan,George Washington,36
Brendan Mcdermott,Binghamton University,4
Brendan Poon,Stanford,8
Brendon Chen,University of Chicago,75
Brendon Lee,Harvard,6
Brett Poggi,Fordham,28
Brian Chan,Princeton,4
Brian Li,University of Chicago,14
Briana Bao,Amherst,12
Brianna Townsend,Harvard,6
Brianna Townsend,Brown,4
Brielle Ballard,American,6
Brivic Sato,University of Chicago,12
Brivic Sato,Bates,6
Brock Walker,Columbia,2
Brody Taylor,Northeastern,10
Brooke Blanton,Northeastern,14
Brooke Blanton,Brown,6
Bruno Sinka,Georgetown,6
Bryan Machado,Boston University,22
Bryson Handy,George Washington,10
Bukhosi Dube,Yale,25
Burke Cochran,Georgetown,4
Burke Croft,University of Chicago,4
Cailyn Min,Georgetown,42
Cailyn Min,Rutgers,10
Cailyn Min,Yale,10
Cailyn Min,University of Chicago,8
Caitlin Barlow,University of Chicago,8
Caitlin Bourke,Maryland,54
Caitlin Hodge,Princeton,18
Caitlyn Kim,Penn,8
Cale Teevan,NYU,14
Caleb Betts,George Washington,14
Caleb Chung,Harvard,2
Caleb Crayton,Yale,4
Caleb Loh,Yale,58
Caleb Loh,University of Chicago,10
Calvin Liu,Swarthmore,4
Cam Chacon,Yale,6
Cam Chavarry,Grinnell,6
Cam Kettles,Harvard,3
Cameron Chacon,Yale,52
Cameron Stevenson,St. Mary's,4
Cami Brix,Swarthmore,4
Campbell Haire,Boston University,8
Carina Li,Penn,18
Carl Scandelius,Harvard,2
Carole Darve,Stanford,32
Carole Darve,Fordham,10
Carolina Aronhime,University of Virginia,16
Caroline Gihlstorf,Haverford,2
Caroline Koclanes,University of Chicago,2
Caroline Lesser,Dartmouth,2
Carson Landry,Pace,10
Cassandra Fitts,Boston University,40
Cassandra Fitts,Wellesley,10
Cassandra Fitts,Brandeis,6
Cassandra Hansen,William and Mary,22
Cassie Fitts,Boston University,30
Cassie Fitts,Brandeis,10
Catherine Gooding,Bates,4
Catherine Jeon,Harvard,6
Catherine Liu,Harvard,143
Catherine Wang,Swarthmore,2
Cayleigh Soderholm,Georgetown,18
Cayleigh Soderholm,George Washington,12
Cayleigh Soderholm,American,8
Cayleigh Soderholm,Johns Hopkins,8
Cayleigh Soderholm,University of Virginia,7
Cece Szkutak,Boston University,24
Cece Szkutak,Tufts,8
Cece Szkutak,Northeastern,4
Cece Szkutak,Wellesley,4
Ceci Granda-Scott,Amherst,18
Ceci Granda-Scott,Tufts,10
Cecilia Granda-Scott,Amherst,184
Cecilia Granda-Scott,Bates,10
Cecilia Granda-Scott,Tufts,10
Cecilia Granda-Scott,Brown,6
Cecilia Granda-Scott,Columbia,6
Cecilia Granda-Scott,University of Chicago,4
Cecilia Xia,Stanford,2
Chan Chung,Drexel,12
Chan Chung,George Washington,6
Chan Chung,Temple,4
Charlene Canning,University of Chicago,18
Charlene Canning,Johns Hopkins,6
Charles Anderson,Bowdoin College,10
Charles Ma,Harvard,9
Charles Ma,Boston University,6
Charles Mayville,University of Chicago,2
Charlie Lechowicz,Bates,14
Charlie Miller,William and Mary,9
Charlie Thompson-Wood,Drexel,4
Charlie Yang,Yale,4
Charlotte Colder,Tufts,20
Charlotte Comstock,Penn,6
Charlotte Hall,Swarthmore,14
Charlotte Packer,William and Mary,10
Charlotte Precourt,Wellesley,2
Charlotte Schonwald,Lehigh,6
Charly Chen,Swarthmore,10
Charmaine Tan,NYU,26
Charming Dube,Tufts,2
Chase Fong,University of Pittsburgh,4
Chase Goldberg Friedman,Northeastern,10
Chase Goldberg Friedman,Smith,10
Chase Goldberg Friedman,Boston University,8
Chase Goldberg Friedman,Brandeis,8
Chase Wilson,Northeastern,12
Chastin Crump,Fisher College,28
Chelsea Zhang,Wesleyan,8
Chetanya Singh,Brown,10
Chetanya Singh,Princeton,6
Chi Nguyen,Yale,14
Chloe Attlan,University of Chicago,10
Chloe Hutchinson,Fisher College,4
Chloe Kivumbi,University of Massachusetts,6
Chloe Noh,Harvard,4
Chloe Tse,Columbia,4
Chloe Yim,Amherst,2
Chris Ahrens,William and Mary,10
Chris Conrad,Haverford,6
Chris Gooding,Bates,4
Chris Morillo,Brown,14
Chris Sylvester,Yale,16
Christian Bohmer,Dartmouth,10
Christian Chantayan,Dartmouth,8
Christian Watson,Brandeis,8
Christine Seo,Princeton,19
Christoffer Gernow,Harvard,10
Christopher Bao,Princeton,2
Christopher Choi,Brandeis,10
Christopher O'Keeffe,Maryland,8
Christopher Tu,Georgetown,18
Chuka Okwumabua,Harvard,18
Cindy Chen,Penn,10
Cindy Frempong,Boston University,8
Cindy Frempong,Rutgers,4
Cindy Nie,Brandeis,12
Cindy Nie,Columbia,6
Cindy Wang,Georgetown,14
Cindy Wang,Johns Hopkins,12
Cindy Wang,University of Pittsburgh,6
Cindy Wang,William and Mary,2
Cindy Zhao,Wellesley,42
Cindy Zhao,Tufts,4
Cindy Zhao,Brown,2
Claire Beamer,Stanford,6
Claire Cordonnier,NYU,18
Claire Liu,Amherst,4
Claire Raulston,George Washington,31
Claire Sheeler,Swarthmore,17
Clara Barsoum,George Washington,11
Clara Page,Amherst,20
Clara Page,Smith,6
Clarence Guo,Penn,8
Claudia Meng,Yale,2
Clement Tsao,Penn,22
Clement Tsao,Georgetown,4
Clemente Nicado Yelmene,Boston University,58
Clemente Nicado Yelmene,Johns Hopkins,8
Clemente Nicado Yelmene,Rutgers,8
Clemente Nicado Yelmene,Wellesley,6
Clemente Nicado Yelmene,Brandeis,2
Clemente Nicado-Yelmene,Boston University,4
Coco Chen,Brandeis,4
Coco Greene,Boston University,28
Coco Greene,Brown,4
Cody Mcmanus,Williams,12
Cohen De La Hoz,Lehigh,25
Collin Freet,Lehigh,10
Connor Engstrom,Stanford,6
Constantine Filippatos,Georgetown,26
Cordelia Thompson,William and Mary,20
Cornelia Hsieh,NYU,18
Coston Autry,Dartmouth,32
Craig Diskin,Brandeis,34
Dabin Cho,American,16
Dabin Cho,University of Virginia,2
Dakota Champagne,Georgetown,8
Dakota Champagne,Northeastern,6
Daksha Pillai,Columbia,2
Dana Kim,Stanford,6
Dana Ko,Yale,20
Dane Lester,Princeton,8
Daniel Bocchino,University of Delaware,8
Daniel Di Palma,Washington University in St. Louis,6
Daniel Falkovic,American,4
Daniel Fleury,Johns Hopkins,10
Daniel Handoyo,University of Massachusetts,4
Daniel Jiang,University of Chicago,20
Daniel Ju,Princeton,12
Daniel Jung,Yale,18
Daniel Jung,Johns Hopkins,6
Daniel Kam,Williams,2
Daniel Kang,Columbia,12
Daniel Katari,University of Chicago,233
Daniel Kind,University of Chicago,4
Daniel Page,Williams,22
Daniel Page,University of Chicago,2
Daniel Perez,Harvard,14
Daniel Sheremeta,Harvard,82
Daniel Sheremeta,Tufts,6
Daniel Zhao,Harvard,31
Daniela Cabrera,Maryland,32
Daniela Lacalle,William and Mary,6
Danielle Mitalipov,Stanford,9
Danielle Schmitt,Smith,22
Daphne Wegner,Grinnell,6
Darby Redman,Amherst,10
Daria Haynie,Grinnell,8
Dario Soatto,Stanford,8
Darren Fang,Brown,28
Darren Yang,Northwestern,8
Darshanik Aryal,Harvard,28
David Abrams,Carnegie Mellon,4
David Bloom,Yale,24
David Chen,Columbia,14
David Cui,Brown,16
David Morales,University of Chicago,6
David Ruvaga,University of Virginia,10
David Shepard,University of Pittsburgh,6
David Stolyarov,Yale,10
David Wang,University of Chicago,8
David Wang,Rutgers,6
David Williams,Boston University,24
David Williams,Williams,4
David Williams,Wellesley,2
Davin Wang,Harvard,6
Dawson Lynch,Harvard,10
Dea Karameti,CUNY,12
Dean Deckinger,Columbia,8
Dedra Annakie,NYU,10
Delia Liesenfeld,George Washington,8
Demetri Passalaris,Hamilton,42
Demetri Tymchynyuk,William and Mary,6
Demetrius Daniel,University of Chicago,14
Dennis Su,Johns Hopkins,24
Dennis Su,Northeastern,16
Dennis Su,Brandeis,10
Dennis Su,Brown,10
Dennis Su,Smith,10
Dennis Su,Williams,10
Dennis Su,Tufts,6
Dennis Su,UCLA,3
Deren Eksinar,George Washington,8
Deren Eksinar,Drexel,6
Deren Eksinar,Harvard,6
Derin Kalay,Rutgers,42
Derwen Fay,George Washington,8
Dessie Yang,Princeton,8
Devarsh Borah,Dartmouth,10
Devesh Kodnani,University of Chicago,80
Devin Bae,American,24
Devin Lai,Stanford,8
Devyani Goel,Columbia,25
Dhafer Muhammad,Stanford,11
Dheeraj Keshav,Maryland,91
Dheeraj Keshav,George Washington,8
Dhruv Goyal,Columbia,2
Dhruv Javangula,Yale,2
Dhruv Prakash,George Washington,10
Dhruv Prakash,Rutgers,6
Dhruva Someshwar,Maryland,18
Dhurv Prakash,George Washington,8
Diego Castillo,Brown,72
Diego Castillo,Bradley,4
Diego Castillo,George Washington,4
Dilay Kolinoglu,Williams,2
Dilay Namli,Williams,2
Dillion Ma,George Washington,6
Dillon Ma,George Washington,125
Dillon Ma,Georgetown,16
Dillon Ma,Columbia,8
Dillon Ma,University of Chicago,8
Dillon Ma,William and Mary,5
Dillon Ma,University of Virginia,2
Dimitri Nilov,Maryland,20
Dimitri Nilov,Georgetown,6
Disha Kumar,Northeastern,10
Diya Aneesh,Boston University,8
Dodo Li,Swarthmore,33
Dom Digioia,University of North Carolina,6
Dom Passafiume,Temple,38
Dominic Deramo,Georgetown,75
Dominic Deramo,Johns Hopkins,22
Dominic Deramo,American,10
Dominic Deramo,George Washington,8
Dominic Deramo,Maryland,6
Dominic Deramo,William and Mary,6
Donna Zhong,Swarthmore,35
Donnell Weldon,Northeastern,16
Donnell Weldon,Tufts,6
Donnell Weldon,Boston University,4
Donnell Weldon,University of Chicago,4
Donnell Weldon,Princeton,2
Donovan Jones,University of Virginia,6
Doris Hado,University of Chicago,4
Drew Harrington,University of Chicago,30
Drew Harrington,Penn,8
Drew Harrington,Amherst,4
Drew Michaeli,Washington University in St. Louis,8
Dylan Gyauch-Lewis,Bates,22
Dylan Gyauch-Lewis,Brown,4
Dylan Gyauch-Lewis,Tufts,4
Dylan Sheehan,Bates,16
Dylan Tipton,Columbia,20
Eddie Sidorenko,Bates,8
Eddie Sidorenko,University of Chicago,6
Edgar Cheng,Columbia,4
Edgar Euceda,George Washington,12
Edgar Euceda,Georgetown,8
Eduardo Fernandez,Princeton,8
Edward Grinnan,Lehigh,10
Edward Khatchatrian,Boston University,2
Eeman Ahmad,University of Virginia,14
Eesha Gupta,Dartmouth,10
Efrain Ortiz,Northeastern,26
Eftychia Christodoulou,Brown,8
Eira Prakash,Columbia,14
Ej Hermacinski,Princeton,3
Ej Kang,Swarthmore,9
Elaine Gao,Princeton,17
Elaine He,Brown,34
Eleanor Cohen,Fordham,4
Eleanor Harty,Tufts,20
Elena Geroulis,William and Mary,8
Elena Leeds,Northeastern,114
Elena Leeds,Brown,8
Elena Leeds,Tufts,8
Elena Leeds,Wellesley,2
Elena Lill,University of Chicago,8
Eleni Economakos,Pace,8
Eli Boone,University of Virginia,7
Eli Brinkerhoff,Washington University in St. Louis,10
Eli Nelson,Brown,24
Eli Nelson,George Washington,10
Eli Shirk,Pace,24
Eli Zerof,University of Chicago,12
Elijah Adu,Williams,68
Elijah Adu,Wellesley,4
Elijah Nelson,Brown,62
Elijah Nelson,George Washington,29
Elijah Nelson,Georgetown,16
Elijah Nepomuceno,Swarthmore,2
Elisa Nisly,Villanova,8
Elisa Nisly,Amherst,6
Elisa Nisly,Smith,6
Elise Howe,William and Mary,32
Elise Howe,Georgetown,4
Elise Ko-Davis,Rutgers,36
Eliza Morgan,Swarthmore,4
Elizabeth Buerkle,Northeastern,30
Elizabeth Buerkle,Tufts,2
Elizabeth Esterbrook,Fordham,8
Elizabeth Greer,George Washington,26
Ella Feiner,Princeton,8
Ella Gagne,Northeastern,2
Ellie Rudnick,Dartmouth,2
Ellie Singer,Yale,62
Ellie Singer,University of Chicago,6
Elliot Akst,Bowdoin College,8
Elliot Rice,Carnegie Mellon,4
Elliot Tick,University of Massachusetts,10
Elliot Tick,Northeastern,7
Elliott Mokski,Harvard,9
Ellis Adamson,Wesleyan,24
Ellis Adamson,Tufts,8
Ellis London,Northeastern,10
Ellis London,Brandeis,4
Elly Kang,MIT,12
Elly Kang,Georgetown,8
Elly Kang,Tufts,4
Elva Chen,Hamilton,58
Ely Altman,Yale,30
Emely Ortiz Ramirez,Tufts,14
Emilin Mathew,Stanford,4
Emilio Stuart-Alban,Columbia,24
Emily Caissie,Brandeis,18
Emily Chen,Yale,20
Emily Chow,Rutgers,48
Emily Chow,Johns Hopkins,8
Emily Chow,Swarthmore,8
Emily Chow,Williams,6
Emily Gedlinski,Smith,6
Emily Grant,University of Chicago,57
Emily Grant,Harvard,8
Emily Han,Stanford,8
Emily Huang,George Washington,2
Emily Paulin,Princeton,23
Emily Paulin,NYU,14
Emily Paulin,Drexel,6
Emily Paulin,Northeastern,2
Emily Plasse,University of Delaware,10
Emily Plasse,University of North Carolina,6
Emily Ringel,Columbia,19
Emily Shield,Bates,44
Emily Simon,Northeastern,42
Emily Simon,Brown,6
Emily Steirman,Johns Hopkins,8
Emily Tacey,Penn,9
Emily Tufts,Tufts,4
Emily Xu,Johns Hopkins,20
Emma Beelner,William and Mary,10
Emma Blemaster,Stanford,8
Emma Chang,Penn,8
Emma Chi,Wellesley,56
Emma Chi,Boston University,10
Emma Chi,Bates,4
Emma Johnston,Bates,12
Emma Listgarten,Columbia,58
Emma Listgarten,Bates,34
Emma Listgarten,George Washington,16
Emma Listgarten,University of Chicago,12
Emma Listgarten,Amherst,8
Emma Listgarten,Tufts,8
Emma Listgarten,Brown,6
Emma Pollock,William and Mary,25
Emmanuel Caracheo,Harvard,26
Emmanuel Murphy,American,32
Emmanuel Murphy,Johns Hopkins,26
Emmanuel Murphy,Tufts,16
Emmanuel Murphy,William and Mary,16
Emmanuel Murphy,Northeastern,14
Emmanuel Murphy,Penn,12
Emmanuel Murphy,La Verne,10
Emmanuel Murphy,University of Chicago,10
Emmanuel Murphy,George Washington,8
Emmanuel Murphy,Brandeis,6
Enmanuel Castillo,Columbia,10
Enrique Abud Evereteze,Boston University,8
Enshia Li,Stanford,2
Eojin Park,Princeton,4
Eric Li,Columbia,27
Eric Trinh,Swarthmore,20
Eric Trinh,Haverford,6
Eric Tu,Yale,60
Eric Wang,Northwestern,6
Erica Adler,Tufts,22
Erica Morelli,University of Massachusetts,12
Erica Morellli,University of Massachusetts,8
Erick Tian,University of Virginia,4
Erick Tian,American,2
Erin Cho,Wellesley,4
Ernest Zhang,Maryland,8
Eshaal Ubaid,Penn,9
Esther Kardos,Columbia,18
Esther Kardos,Penn,4
Ethan Borress,University of Massachusetts,12
Ethan Fitzgerald,George Washington,10
Ethan Henshaw,Georgetown,14
Ethan Jiang,University of Chicago,46
Ethan Liu,Maryland,18
Ethan Liu,Johns Hopkins,6
Ethan Mort,Columbia,6
Ethan Mort,George Washington,3
Ethan Reiter,Northeastern,36
Ethan Reiter,Tufts,16
Ethan Reiter,Smith,14
Ethan Reiter,Brandeis,2
Ethan Reiter,Wellesley,2
Ethan Ross,University of Chicago,44
Ethan Ross,Harvard,4
Ethan Roytman,Penn,8
Ethan Shurberg,Brandeis,42
Ethan Shurberg,Boston University,4
Ethan Tabachneck,Stony Brook University,2
Ethan Wilkes,University of Virginia,22
Etta Humes,Carleton,2
Eugenie Park,Wellesley,46
Eugenie Park,Johns Hopkins,20
Eugenie Park,Northeastern,14
Eugenie Park,University of Massachusetts,8
Eugenie Park,American,6
Eugenie Park,Brown,6
Eugenie Park,William and Mary,4
Eugenie Park,Williams,4
Eugenie Zhu,Tufts,22
Eugenie Zhu,Wellesley,16
Eugenie Zhu,Brandeis,4
Eunjae Kang,Swarthmore,8
Eunsol Do,Hamilton,50
Eva Bruce,Smith,24
Eva Bruce,Northeastern,14
Eva Bruce,Wellesley,10
Eva Bruce,Yale,4
Eva Bruce,Brown,2
Eva Quinones,Yale,12
Eva Rivera,Northeastern,8
Eva Rivera,Boston University,6
Eva Wang,Harvard,8
Eva-Marie Quinones,Yale,16
Evan Becker,Harvard,6
Evan Becker,Washington University in St. Louis,6
Evan Burkeen,Yale,42
Evan Epstein,Harvard,14
Evan Li,Brown,4
Evan Rosenbaum,George Washington,24
Evan Rosenbaum,Maryland,2
Evan Steinberg,Wesleyan,4
Evan Wilken,Northeastern,28
Evan Yi,Stanford,8
Eve Seabourn,NYU,8
Evy Gedlinske,Smith,20
Ezzah Tariq,Boston University,14
Fabijan Schauer,George Washington,6
Fahim Aseer,Harvard,6
Fahmida Afreen,Harvard,4
Faith Duncan,Yale,34
Farah Battaineh,Northeastern,8
Farah Kabir,NYU,12
Farah Kabir,Northeastern,6
Fatima Masood,Maryland,46
Fayozbek Ochilov,Bentley University,6
Fefe Montalvo,Yale,22
Feifei Mei,University of Chicago,73
Feifei Mei,Yale,10
Felicity Wong,Harvard,8
Felipe Mendonca,Dartmouth,2
Felix Leonhardt,Yale,36
Felix Myers,Yale,4
Felix Premrou,Penn,6
Feyi Adeyemi,Princeton,18
Finlay Adamson,Hamilton,8
Fiona Bray,Princeton,14
Fiona Chou,Johns Hopkins,28
Fiona Chou,Tufts,4
Fiona Fu,Yale,22
Fiona He,University of Virginia,10
Fiona He,Rutgers,6
Flavia Dafku,CUNY,18
Fletcher Calcagno,George Washington,14
Fletcher Calcagno,Georgetown,6
Fletcher Calcagno,University of Virginia,4
Flo Arnado,Boston University,14
Fowzia Islam,CUNY,2
Fox Chyatte,Northeastern,10
Fox Chyatte,Tufts,10
Francesca Primoli,Wellesley,10
Frank Lin,Yale,16
Frank Percaccio,Lehigh,18
Frank Shau,Stony Brook University,10
Franklyn Yang,Brown,28
Fruzsina Roka,Harvard,18
Fuqin Lian,Williams,8
Gabbi Shilcusky,Tufts,30
Gabbi Shilcusky,Northeastern,10
Gabbi Shilcusky,William and Mary,8
Gabbi Shilcusky,Williams,8
Gabbi Shilcusky,Brown,6
Gabbi Shilcusky,Johns Hopkins,4
Gabby Bayness,University of Chicago,14
Gabby Bayness,Harvard,4
Gabby Miller,Amherst,10
Gabby Pavlakis,Temple,2
Gabby Trevino,Swarthmore,4
Gabe Gucanac,Boston University,8
Gabe Ritter,Brown,59
Gabe Seidman,Carleton,2
Gabi Cunningham,Georgetown,2
Gabriel Au,Johns Hopkins,10
Gabriel Au,American,2
Gabriel Burr,Boston University,10
Gabriel Clisham,University of Chicago,4
Gabriel Lomonaco,Fordham,4
Gabriel Ritter,Brown,20
Gabriel Sims,University of Virginia,6
Gabriela Ogando,Columbia,2
Gabriella Athanasiou,Northeastern,10
Gabriella Miller,Amherst,29
Gabrielle Kraft,Smith,28
Gaby Goldberg,William and Mary,8
Gaeun Kim,Stanford,5
Ganesh Nair,Stanford,10
Garrett Brand,Brown,8
Gaurav Gawankar,George Washington,6
Gaven Green,Swarthmore,6
Gavin An,University of Chicago,12
Geneva Wearren,University of Virginia,24
Genevieve Cox,Princeton,4
Georgie Javier,Fordham,10
Gerson Personnat,Yale,4
Gia Iyer,George Washington,23
Gianluigi Zaninelli,Swarthmore,12
Gianluigi Zaninelli,Penn,6
Gilbert Yang,Columbia,2
Gillian Zipursky,Swarthmore,22
Ginger Schiffmayer,Grove City College,8
Giselle Paulson,Harvard,103
Giuseppe Di Massa,Yale,32
Giuseppe Dimassa,Yale,14
Glen Marques,Johns Hopkins,4
Golan Altman-Shafer,Brandeis,6
Gordon Mcneill,Georgetown,62
Gordon Mcneill,George Washington,8
Gordon Mcneill,University of Virginia,7
Gordon Mcneill,William and Mary,5
Gordon Mcneill,Drexel,4
Grace Cowell,Northeastern,10
Grace Flynn,Columbia,27
Grace Lee,Wesleyan,16
Grace Luckett,Georgetown,19
Grace Luckett,Northeastern,8
Grace Lyles,University of Virginia,134
Grace Lyles,Georgetown,16
Grace Lyles,George Washington,11
Grace Lyles,University of Chicago,10
Grace Lyles,Temple,8
Grace Lyles,Maryland,6
Grace Manson,American,12
Grace Manson,George Washington,6
Grace Protasiewicz,Columbia,6
Grace Wen,Wellesley,16
Grace Ye,Georgetown,2
Grady Martin,University of Virginia,6
Graham Hansen,University of Chicago,14
Grant Goco,Washington University in St. Louis,5
Greg Gentile,Bates,6
Greg Schwartz,Yale,10
Greg Weaving,Princeton,24
Greta Batchelor,Dartmouth,4
Griffin Badalamente,University of Chicago,30
Griffin Badalamente,University of Virginia,4
Griffin Hoeschele,University of Massachusetts,24
Grishma Baruah,William and Mary,6
Gui Bejar,MIT,4
Hailey Sherrell,University of Virginia,12
Hailey Stone,Brown,38
Haley Son,Penn,2
Hamilton Henderson,Yale,24
Hanna Bae,Wellesley,30
Hanna Bae,Boston University,10
Hanna Bae,Northeastern,10
Hanna Bae,Brandeis,8
Hannah Abubakari,Northeastern,10
Hannah Allen,University of Virginia,22
Hannah Allen,American,2
Hannah Ditmars,University of Massachusetts,4
Hannah Donis,William and Mary,6
Hannah Healy,Columbia,6
Hannah Owens Pierre,Yale,26
Hannah Owens-Pierre,Yale,4
Hannah Platter,Smith,24
Hannah Platter,Northeastern,10
Hannah Platter,Columbia,8
Hannah Platter,Binghamton University,6
Hannah Platter,Brown,5
Hannah Platter,Rutgers,2
Hannah Platter,Wellesley,2
Haotian Pan,Harvard,40
Harin Ok,William and Mary,21
Harin Ok,Georgetown,6
Harrison Carr,Fordham,4
Harry Xie,Princeton,6
Harry Xie,Northwestern,4
Harshit Bhasin,Johns Hopkins,38
Harshit Bhasin,American,6
Harshit Bhasin,Maryland,6
Hart Rapaport,Columbia,14
Hart Rapaport,Rutgers,4
Hart Rapaport,Wellesley,4
Haseeb Waseem,Wellesley,6
Haseeb Waseem,Swarthmore,2
Hasini Gunda,George Washington,48
Hasit Nanda,Penn,52
Hasit Nanda,Harvard,21
Hasit Nanda,University of Chicago,4
Hasit Nanda,Williams,4
Hasit Nanda,Tufts,2
Hayden Shuker,Temple,28
Hayden Shuker,University of Chicago,6
Hayden Shuker,University of Virginia,4
Hazel Martello,University of Chicago,12
Hazel Martello,Northeastern,2
Helen Chau,University of Chicago,6
Helen Wu,University of Chicago,84
Helen Wu,Dartmouth,2
Hemanth Bharatha Chakravarthy,Harvard,6
Henry Armah,University of Pittsburgh,8
Henry Armah,University of Chicago,4
Henry Armah,Georgetown,2
Henry Bansbach,Columbia,20
Henry Chuang,Boston University,4
Henry Gerstein,George Washington,10
Henry Huschke,University of Chicago,6
Henry Levinson,Yale,4
Henry Pahlow,Harvard,4
Hillary Lee,Columbia,8
Himanshu Padnani,Johns Hopkins,10
Himanshu Padnani,Wellesley,8
Himanshu Padnani,Boston University,4
Himanshu Padnani,University of Massachusetts,2
Hiroko Kawase,Yale,16
Hisham Shami,Maryland,4
Hitishaa Goyal,Harvard,30
Hitishaa Goyal,Yale,4
Hiya Ray,Yale,46
Holden Buckley,Fordham,8
Holly Li,Georgetown,32
Holly Li,American,4
Hugo Wang,Hamilton,4
Humaid Saleem,Harvard,10
Humphrey Luo,University of Virginia,16
Humphrey Luo,American,4
Hunter Haynes,Harvard,4
Ian Crowell,Boston University,6
Ian Crowley,Georgetown,14
Ian Crowley,William and Mary,4
Ian Jones,Pace,8
Ian Mcvann,George Washington,60
Ian Mcvann,William and Mary,14
Ian Mcvann,Harvard,4
Ian Mcvann-Henkelmann,George Washington,47
Ian Paz,Swarthmore,10
Ian Scholes,Washington University in St. Louis,10
Ian Taylor,University of Delaware,14
Ibithal Gassem,Lehigh,8
Ike Smalley,Carleton,14
Ilse Ramon Lopez,Georgetown,6
Imaan Ali,Washington University in St. Louis,16
Iman Najib,Williams,6
Iman Onbargi,Harvard,32
Iman Onbargi,NYU,6
Imran Gilani,Georgetown,6
Ina Rahalkar,University of Massachusetts,8
Inbar Sapir,Boston University,32
Inbar Sapir,University of Massachusetts,4
Inbar Sapir,Northeastern,2
India Myers,University of Delaware,8
Inko Bovenzi,Harvard,16
Inko Bovenzi,Brown,2
Inseo Choi,Yale,8
Ioannis Kyriakou,University of Delaware,10
Irina Znamirowski,Brandeis,30
Irina Znamirowski,Tufts,14
Iris Hwang,University of Virginia,6
Iris Lee,Brown,10
Isaac Appelbaum,George Washington,6
Isaac Halpern,Harvard,8
Isaac Kriel,University of Virginia,19
Isaac Kriel,Temple,4
Isabel Irvine,NYU,6
Isabella Avina,Georgetown,10
Isabella Jenkins,Brandeis,50
Isabella Jenkins,NYU,6
Isabella Jenkins,Brown,4
Isabella Sorial,George Washington,16
Isabella Sorial,La Verne,12
Isabella Sorial,Wellesley,4
Isabella Tomovski,Wellesley,8
Isabella Tomovski,Brown,6
Isabella Tomovski,Tufts,6
Isabella Tomovski,Northeastern,4
Isabelle Agarwal,Harvard,6
Isabelle Qi,Wellesley,18
Isha Chilukuri,Penn,10
Ishaan Goel,University of Chicago,18
Ishan Bhatt,Harvard,22
Ishan Maunder,University of Chicago,16
Ishan Reese,Bates,26
Issa Allison,Dartmouth,18
Ivan Toh,Stanford,6
Ivy Hu,Rutgers,9
Ivy Mao,Wellesley,2
Izayah Thomas,Columbia,14
Izayah Thomas,Brandeis,4
Izzy Coleman,Yale,2
J.C. Rhee,Fordham,10
Jack Beery,Maryland,125
Jack Chen,Brandeis,6
Jack Chen,Columbia,4
Jack Chen,Stanford,4
Jack Chen,Tufts,4
Jack Feinstein,Temple,34
Jack Feinstein,Haverford,24
Jack Kelly,Yale,44
Jack Maniscalco,George Washington,10
Jack Moreland,Stanford,6
Jack Rubin,Harvard,4
Jack Vail,Brown,40
Jack Wilan,Tufts,8
Jackie Mier Y Concha,Boston College,2
Jackson Cutrone,Fordham,10
Jackson Neme,Georgetown,94
Jackson Schreiber,University of Chicago,66
Jackson Schreiber,William and Mary,10
Jackson Segal,Brown,44
Jackson Segal,Harvard,8
Jackson Segal,Wellesley,6
Jackson Utley,Rutgers,17
Jacob Atkins,American,8
Jacob Atkins,Columbia,8
Jacob Atkins,George Washington,6
Jacob Bezner,Swarthmore,16
Jacob Bezner,Binghamton University,6
Jacob Boehm,Amherst,36
Jacob Boehm,American,6
Jacob Boehm,Northeastern,6
Jacob Boehm,Yale,6
Jacob Boehm,Brandeis,4
Jacob Cao,Penn,6
Jacob Fenster,Washington University in St. Louis,8
Jacob Gelman,Brown,10
Jacob Kolhof-Sadler,Columbia,10
Jacob Silcoff,Princeton,4
Jacob Wasinger,William and Mary,4
Jaden Stewart,Princeton,4
Jaden Wang,University of Virginia,10
Jaedon Abbott,NYU,16
Jaedon Abbott,Cornell,4
Jaewan Park,University of Chicago,8
Jahangir Suvanbekov,Bentley University,10
Jaice Williamson,American,20
Jaiden Hasan,Tufts,16
Jaiden Hasan,Boston University,4
Jaiden Hasan,Northeastern,2
Jaimy Kim,Yale,26
Jaimy Kim,University of Chicago,6
Jake Hirshberg,University of Chicago,86
Jake Hirshberg,Georgetown,26
Jake Hirshberg,Columbia,8
Jake Hirshberg,Boston University,4
Jake Love,University of Pittsburgh,7
Jake Lowe,George Washington,12
Jake Solomon,Boston University,10
Jake Solomon,Amherst,8
Jake Solomon,Brandeis,8
Jake Solomon,Northeastern,8
Jake Zeng,Georgetown,48
Jake Zeng,George Washington,18
Jake Zeng,University of Chicago,10
James Afford,Brown,86
James Afford,Brandeis,20
James Afford,Bates,11
James Afford,Columbia,10
James Afford,Northeastern,8
James Afford,Amherst,6
James Cunningham,Boston College,16
James Currie,Temple,35
James Currie,Haverford,6
James Eigerman,CUNY,10
James Foleno,Bates,32
James Hu,Johns Hopkins,18
James Hu,Columbia,4
James Lewis,Swarthmore,8
James Masson,Yale,15
James Miller,Harvard,12
James Ruzich,University of Chicago,6
Jamie Clark,Wellesley,13
Jamie Clark,George Washington,4
Jamie Kim,Columbia,10
Jamiyah Bonds,Maryland,8
Jane Haubrich,William and Mary,6
Jane Mentzinger,Princeton,10
Janice Lee,Boston University,114
Jano Cadiz,Northwestern,4
Janul De Silva,Swarthmore,2
Janya Kaur,Brown,10
Jared Lenn,University of Chicago,30
Jared Sloan,Haverford,2
Jared Stone,American,12
Jarrett Lobb,Northeastern,86
Jasmine Lakhdar,Boston College,2
Jasmine Zhang,Princeton,12
Jason Chae,Penn,8
Jason Fu,Brown,2
Jason Lee,Yale,18
Jason Lee,Stanford,8
Jason Lopez,Swarthmore,15
Jason Shan,Brown,54
Jason Shan,Harvard,2
Jason Tu,Penn,78
Jason Tu,Johns Hopkins,14
Jason Tu,Yale,6
Jason Zhu,Dartmouth,14
Javaria Abbasi,University of Virginia,8
Jay Dorfeuil,Pace,14
Jay Garg,Harvard,2
Jay Gibbs,University of Chicago,24
Jay Gibbs,Penn,10
Jay Gibbs,Vassar,6
Jay Kang,Princeton,6
Jay Leeds,Swarthmore,8
Jayden Clarke,Columbia,8
Jazmin Petty,Northeastern,16
Jeffrey Gao,Brown,6
Jeffrey Xiong,Columbia,4
Jeffrey Yin,Maryland,16
Jehan Chanmugam,Tufts,58
Jehan Chanmugam,Boston University,6
Jehan Chanmugam,NYU,6
Jehan Chanmugam,Williams,2
Jen Kim,NYU,4
Jenna Hong,Harvard,60
Jenna Kaplan,Columbia,2
Jenna Lee,George Washington,32
Jenna Sutherland,Smith,4
Jenna Sutherland,Northeastern,2
Jennifer He,Swarthmore,24
Jenny Li,Rutgers,2
Jenny Pham,Georgetown,14
Jenny Pham,American,4
Jenny Wang,William and Mary,10
Jenny Wu,Harvard,8
Jeremy Lee,Harvard,6
Jeremy Ng,Northeastern,26
Jeremy Tsung,Bowdoin College,8
Jeremy You,Amherst,2
Jerry Lee,Georgetown,12
Jerry Lee,University of Virginia,8
Jesenia Parthasarathy,University of Chicago,65
Jesenia Parthasarathy,Wellesley,6
Jessica Tuchin,Brown,66
Jessica Tuchin,Boston University,10
Jessica Wang,MIT,4
Jhankaar Purohit,University of Chicago,8
Jiahuai Kang,Amherst,2
Jiayuan Zhen,Harvard,8
Jill Ji,Johns Hopkins,16
Jillian Sutton,Wellesley,22
Jimmy Chen,Brown,10
Jing Ge,Harvard,12
Jinjou Wang,Amherst,8
Jinjou Wang,Harvard,8
Jiya Mahapatra,Boston University,14
Jo Huddle,Temple,20
Joann Yu,Dartmouth,45
Joann Yu,William and Mary,40
Joann Yu,George Washington,16
Joanna Ding,Yale,20
Joanna Li,Georgetown,4
Joanne Park,Columbia,2
Joe Brennan,Johns Hopkins,2
Joe Clancy,Georgetown,8
Joe Clancy,Johns Hopkins,2
Joe Cox,Northeastern,41
Joe Cox,Penn,16
Joe Cox,Johns Hopkins,9
Joe Cox,Amherst,6
Joe Cox,William and Mary,6
Joe Cox,Rutgers,5
Joe Cox,Tufts,4
Joe Cox,University of Chicago,2
Joel Shankar,Dartmouth,18
Joey Abragao,Rutgers,52
Joey Rubas,University of Virginia,122
Joey Rubas,UT Austin,22
Joey Rubas,Amherst,8
Joey Rubas,University of Chicago,8
Joey Rubas,Georgetown,7
Joey Rubas,George Washington,6
Joey Rubas,American,4
Joey Rubas,Tufts,4
John Becker,University of Delaware,28
John Becker,Temple,6
John Fernandez Suarez,Boston College,8
John Goulandris,Tufts,2
John Lowe,Brandeis,44
John Lowe,Tufts,4
John Powers,William and Mary,8
John Wu,Penn,16
John Youssef,Tufts,36
John Youssef,Northeastern,14
John Youssef,Brown,10
John Youssef,University of Chicago,10
John Youssef,Williams,10
John Youssef,William and Mary,6
John Youssef,Bates,4
John Yule,Wellesley,10
John Yule,Boston University,8
Jolene Ren,Georgetown,6
Jolene Ren,Temple,6
Jonah Gatoff,Boston University,32
Jonah Goldman,American,24
Jonah Goldman,Georgetown,24
Jonah Goldman,William and Mary,22
Jonah Goldman,Amherst,6
Jonah Goldman,Harvard,6
Jonah Goldman,Johns Hopkins,4
Jonah Goldman,Rutgers,2
Jonah Layton,William and Mary,4
Jonah Paterson,Swarthmore,22
Jonah Paterson,Haverford,8
Jonah Paterson,Rutgers,2
Jonah Sah,Williams,12
Jonas Poggi,George Washington,54
Jonas Poggi,William and Mary,10
Jonas Poggi,Williams,2
Jonathan Barkat,Columbia,8
Jonathan Carroll,Georgetown,4
Jonathan Carroll,Tufts,4
Jonathan Chen,University of Chicago,64
Jonathan Chen,Columbia,10
Jonathan Chen,Johns Hopkins,8
Jonathan Chen,Penn,8
Jonathan Chen,Rutgers,8
Jonathan Chen,William and Mary,5
Jonathan Chen,Tufts,4
Jonathan Lim,Yale,4
Jonathan Perry,Columbia,10
Jordan Day,University of Massachusetts,36
Jordan Farenhem,Yale,4
Jorge Ramirez,Georgetown,21
Jose Luis Ortega Castro,Harvard,10
Joseph Connell,St. Mary's,10
Joseph Sherma,Boston University,10
Josephine Dodge,University of Chicago,4
Josephine Kim,Princeton,2
Josh Kohm,Harvard,30
Josh Kretchmer,American,8
Josh Leffler,Yale,10
Josh Lyons,Boston University,108
Josh Lyons,Brandeis,6
Josh Neudorf,University of Chicago,34
Josh Uy,Northeastern,8
Josh White,Dartmouth,5
Josh Zakharov,University of Chicago,12
Joshua Hill,Northeastern,2
Joshua Karouw,Penn,10
Joshua King,Boston College,8
Joshua Melamed,University of Chicago,4
Joshua Park,Harvard,6
Joshua Sampson,Maryland,6
Joshua Sionov,CUNY,6
Juan Diego Cisneros,Lehigh,6
Jubilee Kim,Hamilton,40
Judah Levy,Maryland,28
Judah Levy,Johns Hopkins,6
Judah Millen,Yale,12
Judah Purwanto,University of Chicago,2
Judicael Tchoudja,Maryland,46
Judicael Tchoudja,University of Virginia,6
Jules Noyd,American,6
Julia Advento,Wesleyan,6
Julia Barnett,Swarthmore,14
Julia Bloch,Northeastern,2
Julia Botkin,Swarthmore,4
Julia Cunningham,George Washington,8
Julia Jean Louis,Binghamton University,2
Julia Malnak,University of Pittsburgh,12
Julia Malnak,University of Virginia,4
Julia Oles,Northeastern,6
Julia Schroers,Wesleyan,8
Julia Shephard,Harvard,39
Julia Wang,Rutgers,62
Julia Wang,Columbia,9
Julia Wayland,Northeastern,4
Julia Wu,Yale,17
Julian Galaz,NYU,6
Julian Melendi,Yale,2
Julianna Wottawa,Fordham,10
Julien Benchek,University of Chicago,69
Justin Black,Harvard,2
Justin Jang,NYU,8
Justin Kahn,Tufts,2
Justin Kim,Yale,85
Justin Kim,Harvard,6
Justin Koizumi,Brandeis,14
Justin Koizumi,Boston University,6
Justin Lulu,Brandeis,20
Justin Lulu,Wellesley,4
Justin Qi,Harvard,12
Justin Qi,Brown,8
Justin Qi,Penn,6
Justin Qi,Wellesley,6
Justin Suh,Williams,6
Justin Suh,Yale,4
Justin Wu,Johns Hopkins,34
Justin Wu,Penn,32
Justin Wu,Rutgers,32
Justin Wu,Northeastern,14
Justin Wu,Brown,10
Justin Wu,William and Mary,8
Justin Wu,Yale,6
Justin Zhang,Johns Hopkins,7
Justin Zhang,Northeastern,4
Justin Ziering,Fordham,10
Kacey Young,Swarthmore,10
Kaela Weber,University of Massachusetts,18
Kai Teigen,Stanford,10
Kai Williams,Swarthmore,4
Kaila Frazer,Smith,16
Kait Podlich,Hamilton,26
Kaitlin Wing,George Washington,38
Kaitlin Wing,Temple,4
Kaley Alexandre-Burke,Yale,35
Kamil Mahmood,Amherst,12
Kanchan Pothireddy,Boston University,8
Karan Kaushal,Boston University,4
Karl Mcghie,Brandeis,32
Karl Mcghie,Boston University,10
Karthik Palakodeti,Penn,4
Karthik Tadepalli,Penn,14
Kasfia Tasnim,Bates,8
Kashvi Gera,Wesleyan,8
Kate Alexander,Northeastern,10
Kate Jones,Georgetown,8
Kate Keller,Maryland,20
Kate Vandehey,Brandeis,62
Kate Zhang,Brown,14
Katelyn Keller,Maryland,2
Katherine Alford,Fordham,18
Katherine Ottenbreit,University of Chicago,36
Katherine St. George,Columbia,4
Katheryne Dwyer,University of Chicago,4
Kathleen Mcintyre,William and Mary,27
Katie Baughman,Fordham,14
Katie Benson,Bentley University,30
Katie Cheng,Stanford,8
Katrina Hotaling,Tufts,93
Katrina Hotaling,Yale,8
Katrina Hotaling,University of Chicago,6
Katrina Hotaling,Boston University,4
Katrina Hotaling,Brandeis,4
Katrina Hotaling,Wellesley,4
Katrina Hotaling,Northeastern,2
Katrina Pickett,University of Chicago,20
Kaushik Kandala,Northeastern,20
Kaveri Krishnamoorthy,Dartmouth,6
Kavin Jha,Northeastern,20
Kavin Jha,UConn,8
Kavin Jha,University of Massachusetts,7
Kavya Gopinath,Brown,8
Kavya Gopinath,Wellesley,6
Kavya Gopinath,Northeastern,2
Kayla Chan,Stanford,10
Kaylee Chen,Yale,4
Keir Adamson,Hamilton,8
Keira Chatwin,Stanford,6
Kellen Hoard,George Washington,8
Kelly Mu,University of Chicago,8
Kelvin Ortiz,Columbia,6
Kendra Gladu,Brandeis,26
Kenn Jiang,Swarthmore,17
Kensington Spear,Smith,4
Keshav Kapoor,University of Chicago,14
Kevin Gu,Harvard,4
Kevin Hao,Stanford,16
Kevin Keys,Princeton,10
Khanh Vu,Wellesley,10
Khoi Dinh,Fordham,8
Khumoetsile Molefakgotla,Harvard,24
Khuryeon Kim,Princeton,8
Khylan Stubblefield,Haverford,10
Kibalo Signan,University of Virginia,4
Kiera Kohl,Tufts,4
Kieran Mangla,William and Mary,10
Kiran Savkar,William and Mary,14
Kishka Bol,Brown,8
Kit Roesch,University of Virginia,4
Kivanc Peltek,Temple,4
Kj Kniering,NYU,22
Ko Lyn Cheang,Yale,4
Ko Lyn Cheang,Brown,3
Kobi Johnsson,University of Chicago,14
Kondi Phiri,Johns Hopkins,4
Konur Onufer,William and Mary,32
Konur Onufer,George Washington,4
Korey Candor,Drexel,4
Kristen Buckholt,George Washington,8
Kristofers Krumins,Columbia,2
Kurtis Lee,Brandeis,12
Kyle Cook,Tufts,40
Kyle Cook,Northeastern,16
Kyle Cook,Wellesley,12
Kyle Cook,Yale,6
Kyle Cook,University of Chicago,4
Kyler Parker,Yale,38
Kylie Berg,Yale,54
Kyllian Vong,University of Virginia,2
Kyuhee Jo,Johns Hopkins,20
Kyuhee Jo,Amherst,6
Kyuryeon Kim,Princeton,8
Lacey Jones,Boston College,16
Lana Weiser,Columbia,10
Landon Pryor,St. Mary's,8
Lara Philip,Washington University in St. Louis,10
Laura Giugno,University of Chicago,60
Laurel Campbell,University of Pittsburgh,4
Laurel Campbell,Johns Hopkins,2
Lauren Cho,Yale,20
Lauren Cho,Williams,4
Laurenn Vives,Boston University,24
Lawrence Wu,Northeastern,4
Layne Donovan,Columbia,13
Leandro Guevara,Georgetown,28
Leandro Guevara-Neyra,Georgetown,14
Lehv Neustadt,Lehigh,20
Leif Waage-Pickle,Williams,4
Lelan Hu,Yale,12
Lelan Hu,Johns Hopkins,4
Lelu Mayron,Brown,10
Lena Lofgren,Penn,8
Lena Lofgren,Harvard,4
Lena Lofgren,Smith,4
Leo Ferris,NYU,14
Leo Fleissig,Brown,50
Leo Fleissig,Bates,24
Leo Fleissig,Williams,10
Leo Fleissig,Wellesley,6
Leo Fleissig,NYU,4
Leo Fleissig,Harvard,2
Leo Morrison,NYU,4
Leo Nitczynski,Swarthmore,15
Leo Taylor-Hougham,American,16
Lesedi Chirikuutsi,Williams,4
Lesley Machimbidza,Dartmouth,18
Lex Jiganti,Haverford,16
Leyla Hagan,Georgetown,2
Lia Lubit,Brown,6
Liam Kieran,Boston College,16
Liam Zemach,Swarthmore,8
Liberty Prieb,Carnegie Mellon,18
Lila Ben-Yehuda,University of Massachusetts,6
Lila Graney,Lehigh,25
Liliana D'Aguiar,Smith,14
Liliana D'Aguiar,Amherst,10
Lillie Godinez,Wellesley,4
Lily Baughman,Fordham,48
Lily Baughman,American,2
Lily Napach,Williams,43
Lina Lin,Temple,10
Lincoln Belfort,George Washington,8
Lincoln Belfort,Tufts,6
Linden Li,Stanford,8
Lindsey Gradowski,Georgetown,102
Lindsey Gradowski,University of Chicago,8
Lindsey Gradowski,Yale,4
Ling Lu,Wellesley,6
Linnaea Strassfeld,University of Massachusetts,18
Livia Di Mauro,Northeastern,10
Livia Di Mauro,Smith,8
Livia Di Mauro,Amherst,4
Liz Chen,Rutgers,2
Liz Esterbrook,Fordham,4
Liz Kim,Williams,36
Liz Kim,Rutgers,6
Lizzie Waters,George Washington,32
Lizzie Waters,La Verne,6
Lizzie Waters,University of Virginia,6
Logan Ragland,Swarthmore,22
Lois Marmolejos,NYU,6
Lois Moyar,Princeton,12
Lorenz Soukup,Bates,8
Lorenzo Pinasco,Yale,4
Louis Verdié,Columbia,14
Louisa Miller-Out,Smith,10
Luana Volkova,Brandeis,6
Luca Ririnui,Yale,28
Lucas Castillo-West,Yale,16
Lucas Holman,Wesleyan,34
Lucas Maciel,Maryland,8
Lucas Maciel,Rutgers,6
Lucia Bronfman,Boston University,127
Lucia Bronfman,University of Chicago,10
Lucia Bronfman,Brandeis,8
Lucia Yang,Georgetown,22
Lucia Yang,American,8
Lucy Augustine,William and Mary,28
Lucy Brodkin,Columbia,43
Lucy Shah,Northeastern,80
Luka Misic,University of Pittsburgh,10
Luke Fernandez Suarez,Boston College,8
Luke Han,Georgetown,6
Luke Haner,St. Mary's,5
Luke Holmes,Johns Hopkins,10
Luke Shepard,University of Chicago,2
Luke Willis,University of Chicago,4
Luke Willis,Harvard,2
Lydia Kim,George Washington,19
Lydia Vlasto,William and Mary,12
Lyra-Anne Ku,Columbia,7
Maadhavan Prasanna,Bowdoin College,10
Maanya Pande,UConn,16
Mabel Rieger,George Washington,125
Mabel Rieger,Columbia,8
Mabel Rieger,Johns Hopkins,8
Mabel Rieger,Georgetown,6
Mabel Rieger,Rutgers,4
Mabel Rieger,University of Virginia,4
Mabel Rieger,Bates,2
Mac Hays,Brown,120
Mac Hays,Tufts,10
Mac Hays,NYU,8
Mac Hays,UT Austin,8
Mac Hays,University of Chicago,8
Mackenzie Devita,University of Pittsburgh,6
Mackenzie Wilson,Dartmouth,22
Maddie Edwards,Wellesley,6
Maddie Nagle,Yale,8
Maddie Naisbitt,Georgetown,131
Maddie Naisbitt,Binghamton University,4
Maddie Naisbitt,George Washington,4
Maddie Watson,Boston University,26
Maddie Watson,Brandeis,24
Maddie Watson,Wellesley,18
Maddie Watson,NYU,4
Maddie Watson,University of Virginia,4
Maddy Cheshire,Johns Hopkins,8
Madeleine Popofsky,Yale,14
Madeleine Wu,Dartmouth,8
Madeline Cheshire,Johns Hopkins,18
Madeline Cheshire,CUNY,4
Madeline Getchell,Smith,18
Madeline Tsao,Penn,8
Madeline Tsao,Yale,4
Madhumitha Nair,Northeastern,6
Mae Luccino,Fordham,4
Maeve Goldman,William and Mary,45
Maeve Goldman,Dartmouth,14
Maeve Kennedy,Wellesley,8
Maggie Mooney,University of Virginia,200
Maggie Mooney,William and Mary,16
Maggie Mooney,George Washington,12
Maggie Mooney,University of Chicago,2
Magnus Lim,Harvard,10
Mahi Khangura,Maryland,50
Mahpara Faatin,Harvard,8
Maia Decker,Yale,34
Maia Decker,Brandeis,6
Maia Decker,Smith,4
Mairan Hall,UConn,24
Maisy Coffey,Yale,10
Maiya Little,George Washington,70
Maiya Little,William and Mary,37
Maiya Little,Georgetown,22
Maiya Little,University of Virginia,10
Maiya Little,Maryland,5
Maiya Little,Rutgers,4
Malaika Burkholder,Boston College,10
Malcolm Davis,Swarthmore,16
Malcolm Ferguson,Maryland,12
Manav Mittal,Brown,38
Manav Mittal,Bates,24
Manav Mittal,Amherst,10
Manav Mittal,Columbia,6
Manav Mittal,George Washington,2
Manav Mittal,Tufts,2
Maneet Mehta,Yale,20
Manos Alevras,Yale,20
Manuel Machorro,Bates,24
Manuel Mascote,Columbia,8
Manuela Roncancio Roldan,Fordham,6
Manya Gupta,Penn,8
Marc Salameh,Boston College,8
Marc Salameh,Fordham,2
Marcel Cato,NYU,32
Marcos Werning,University of Chicago,2
Marcus Ye,Boston College,8
Margaret Gustafson,Amherst,14
Margaret Nakiganda,University of Chicago,22
Margaret Wasco,Fordham,26
Margot Norman,Dartmouth,58
Margot Norman,Boston University,8
Mari Chaparro,University of Massachusetts,4
Maria Coca,University of Chicago,6
Maria Pelaez,Yale,73
Maria Xu,Harvard,17
Mariam Almzainy,Bates,2
Mariana Colicchio,Yale,4
Mario Aguirre,Johns Hopkins,10
Mario Aguirre,Penn,6
Marios Kalpakis,Maryland,32
Marios Kalpakis,Rutgers,10
Mark Lee,Yale,27
Mark So,NYU,4
Markus Vaher,University of Chicago,8
Martha Jennings,George Washington,40
Martin Gaszner,William and Mary,14
Mary Tran,Smith,9
Masanori Adachi,Brandeis,20
Mason Blackburn,Maryland,4
Mason Buonadonna,American,8
Mason Buonadonna,Columbia,8
Mason Courtney,University of Delaware,14
Mason Miller,Washington University in St. Louis,8
Matej Cerman,Harvard,24
Mathew Goodbred,Dartmouth,4
Matias Calvo,University of Massachusetts,22
Matilda Swanson,MIT,4
Matt Franco,NYU,4
Matt Mauriello,Harvard,24
Matt Mauriello,University of Chicago,23
Matt Mauriello,Tufts,13
Matt Mauriello,Yale,10
Matt Mauriello,Johns Hopkins,8
Matt Mauriello,Dartmouth,7
Matt Mauriello,Brown,2
Matt Myers,University of Delaware,10
Matt Schoenfeld,Boston College,10
Matt Song,Yale,62
Matthew Alkire,Northeastern,2
Matthew Bruce,Boston College,8
Matthew Koretsky,MIT,4
Matthew Lee,University of Chicago,8
Matthew Moreno,Johns Hopkins,26
Matthew Noriega,Penn,4
Matthew Rubenstein,University of Chicago,26
Matthew Rubenstein,William and Mary,2
Matthew Simons,Columbia,20
Matthew Thompson,Wesleyan,8
Matthew Wilson,William and Mary,24
Matti Tan,Harvard,12
Max Haimes,Brown,6
Max Hodes,University of Chicago,4
Max Hodes,Harvard,2
Max Hurowitz,Boston University,46
Max Hurowitz,Brandeis,37
Max Hurowitz,Harvard,6
Max Kornfeld,NYU,32
Max Ma,University of North Carolina,4
Max Miller,Northeastern,16
Max Neuman,Columbia,6
Max O'Hare,Wesleyan,4
Max Salzinger,Princeton,6
Max Selcow,Tufts,8
Max Sheremeta,American,2
Max Waldman,Grinnell,8
Max Winzelberg,Dartmouth,12
Max Wu,University of Chicago,40
Max Xu,Brown,2
Maxum Rhode,University of Delaware,6
Maxwell Ciolek Passeri,Brandeis,20
Maxwell Gold,Hamilton,62
Maxwell Sheremata,Georgetown,16
Maxwell Sheremata,George Washington,6
Maxwell Sheremata,American,4
Maxwell Sheremeta,Georgetown,26
Maxwell Sheremeta,American,18
Maxwell Sheremeta,Penn,6
Maxwell Tabarrok,University of Virginia,12
Maya Benziger,Bates,8
Maya Burton,Georgetown,4
Maya Daly,Harvard,12
Maya Daly,UMBC,4
Maya El-Sharif,Penn,6
Maya Hsu,George Washington,8
Maya Johnson,Brandeis,18
Maya Koerber-Marx,Yale,8
Maya Mufson,Yale,36
Maya Perkash,Washington University in St. Louis,14
Maya Prakash,Amherst,4
Maya Razmi,Harvard,12
Maya Razmi,Johns Hopkins,2
Maya Rubin,Wellesley,58
Maya Rubin,Tufts,18
Maya Rubin,Amherst,11
Maya Rubin,Harvard,6
Maya Rubin,Boston University,4
Maya Rubin,Columbia,4
Maya Rubin,Smith,2
Maya Sachs,Williams,57
Maya Sachs,Swarthmore,12
Mazin Nadaf,Maryland,6
Meadow Brown,Bentley University,6
Meera Shukla,Northeastern,8
Meeros Khattaie,Johns Hopkins,28
Meg Kandarpa,Johns Hopkins,4
Megan Chan,George Washington,6
Megan Smith,University of Delaware,12
Megan Smith,University of North Carolina,4
Megan Wu,Swarthmore,16
Megan Zhang,Wellesley,12
Megha Prasad,American,6
Megha Prasad,George Washington,4
Meghan Murphy,Brown,8
Meghana Madhav,Rutgers,10
Meghana Madhav,University of Virginia,4
Mehreen Mirza,Williams,8
Mehreen Mirza,Northwestern,6
Mehreen Mirza,Smith,6
Mehul Agarwal,Johns Hopkins,36
Melanie Goldberg,Harvard,10
Melanie Guilderson,University of Massachusetts,20
Melanie Zhang,NYU,14
Melanie Zhang,Princeton,14
Melanie Zhang,Brandeis,10
Melanie Zhang,Brown,8
Melanie Zhang,Yale,7
Melanie Zhang,Harvard,6
Melanie Zhang,Northeastern,6
Melanie Zhang,Williams,2
Melina Piatti-Chayan,Fordham,4
Melissa Yasui,Northeastern,10
Mia Benzon,St. Mary's,10
Mia Rojas,University of Chicago,12
Mia Stephenson,Wellesley,4
Mia Stone-Molloy,Brown,28
Mia Stone-Molloy,Smith,7
Michael Alisky,Stanford,8
Michael Fortunato,Georgetown,8
Michael Fortunato,University of Pittsburgh,8
Michael Froid,Brown,29
Michael Froid,Rutgers,2
Michael Froid,Smith,2
Michael Galin,George Washington,10
Michael Galin,Maryland,8
Michael Hansen,University of Chicago,67
Michael Kwak,Yale,26
Michael Moran,University of Chicago,10
Michael Nazimok,CUNY,16
Michael Negussie,Columbia,8
Michael Ning,Yale,11
Michael Ryter,University of Chicago,8
Michael Sher,George Washington,2
Michael Zhao,Harvard,4
Michel Nehme,Harvard,16
Michelle Mayorga,CUNY,8
Michelle Tiecher,Fordham,8
Midhun Sadanand,Yale,26
Mihika Jain,University of Chicago,12
Mikaela Tajo,George Washington,6
Mikala Parnell,Princeton,4
Mikayla Zedek,Dartmouth,14
Mike Chen,NYU,6
Mike Schermerhorn,Bentley University,26
Mikka Wolff,Amherst,6
Mildred Castillo Bojorquez,Bates,12
Miles Kodama,Williams,16
Mimi Plawner,Boston University,79
Mimi Wu,Wellesley,74
Mimi Wu,Tufts,16
Mimi Wu,Boston University,12
Mimi Wu,Brandeis,10
Mimi Wu,Brown,4
Mimi Wu,Williams,4
Min Ko Ko,Harvard,10
Mingyu Chan,Princeton,4
Minji Kim,University of Chicago,4
Minju Sung,Northeastern,34
Minju Sung,Bates,8
Mira Lehman,Yale,14
Mirabel Raphael,Yale,64
Mitchell Mullen,Maryland,4
Moises Hernandez,University of Delaware,11
Mollie Hartenstein,Amherst,26
Mollie Micinilio,Boston University,16
Mollie Micinilio,Bates,6
Molly Bordoff,Columbia,4
Molly Callaghan,Harvard,46
Molly Thompson,George Washington,4
Monica Ochoa,Villanova,6
Monica Ochoa,Wellesley,6
Monica Ochoa,Northeastern,2
Monica Perez Ortiz,Boston University,6
Monica Perez Ortiz,Harvard,4
Morgan Adamson,American,6
Morgan Adamson,Lehigh,6
Morgan Coutu,University of Massachusetts,8
Mounisha Adams,Dartmouth,2
Mukudzeiishe Madzivire,Columbia,48
Mukudzeiishe Madzivire,University of Chicago,10
Mukudzeiishe Madzivire,George Washington,8
Musab Chummun,Penn,30
Musab Chummun,Johns Hopkins,2
Muthukumar Sundar,University of Chicago,19
Muxi Yu,Boston University,73
Muxi Yu,Brandeis,11
Muxi Yu,NYU,8
Muxi Yu,Harvard,6
Muzamil Godil,Johns Hopkins,30
Muzamil Godil,William and Mary,20
Muzamil Godil,Northeastern,15
Muzamil Godil,University of Chicago,14
Muzamil Godil,Brown,10
Muzamil Godil,Boston University,8
Muzamil Godil,Maryland,6
Muzamil Godil,Cornell,4
Muzzi,William and Mary,8
Muzzi Godil,Johns Hopkins,34
Muzzi Godil,Georgetown,14
Muzzi Godil,Brown,8
Muzzi Godil,Northeastern,6
Muzzi Godil,William and Mary,4
Muzzi Godil,University of Chicago,3
Mya Koffie,Princeton,8
Myles Able-Kehoe,Stony Brook University,10
Myra Kirmani,Stanford,10
Myra Niang,Boston University,4
Naarada Samarasinghe,William and Mary,12
Nabeel Raza,University of Virginia,2
Nadia Blouin,Fordham,4
Nadia Cho,Wellesley,6
Nandini Krishnan,Princeton,10
Naomi Cohen,Wellesley,14
Naomi Cohen,Brown,6
Naomi Long,George Washington,20
Naomi Mckenna,Amherst,10
Naomi Mckenna,University of Virginia,8
Narein Vignesh,Maryland,12
Nash Riebe,Brown,68
Nash Riebe,Northeastern,6
Natali Sarraf,Tufts,4
Natalie Brown,George Washington,22
Natalie Brown,William and Mary,2
Natalie Caloca,George Washington,16
Natalie Keim,Dartmouth,2
Natalie Martin,George Washington,4
Natalie Roots-Nowakowski,Carnegie Mellon,10
Natan Abramson,William and Mary,32
Natan Abramson,University of Pittsburgh,4
Nate Sumimoto,George Washington,56
Nathan Khoury,Amherst,10
Nathan Kovicak,Maryland,52
Nathan Master,American,6
Nathan Maurer,Bentley University,6
Nathan Spencer,Princeton,14
Nathan Tamkin,Dartmouth,32
Nathan Weibke,Washington University in St. Louis,6
Nathaniel Yoon,Johns Hopkins,73
Nathaniel Yoon,University of Massachusetts,10
Nathaniel Yoon,Northeastern,7
Nathaniel Yoon,Brown,6
Nathaniel Yoon,Georgetown,6
Nathaniel Yoon,Penn,6
Nathaniel Yoon,Yale,4
Navaneeth Rajan,University of Chicago,6
Naz Soysal,Yale,135
Naz Soysal,University of Chicago,28
Naz Soysal,Northeastern,8
Naz Soysal,Brown,5
Naz Soysal,Columbia,4
Naz Soysal,Penn,4
Neftali Reynoso,Boston University,6
Neftalí Reynoso,Boston University,2
Neil Chibber,Maryland,21
Neil He,Penn,10
Neil Rathaur,Binghamton University,4
Nerary Flores,American,2
Netra Easwaran,Yale,70
Netra Easwaran,Tufts,8
Netra Easwaran,Dartmouth,4
Netra Easwaran,Harvard,4
Nicholas Devito,Tufts,22
Nicholas Devito,Wellesley,6
Nicholas Devito,Penn,2
Nicholas Hagedorn,Princeton,8
Nicholas Hayes,Rutgers,8
Nicholas Hayes,University of Virginia,6
Nicholas Haylock,St. Mary's,5
Nicholas Humberto Perez,Johns Hopkins,2
Nick Devito,University of Chicago,54
Nick Devito,Tufts,36
Nick Devito,Boston University,16
Nick Devito,Northeastern,14
Nick Devito,William and Mary,10
Nick Devito,Brandeis,6
Nick Devito,George Washington,6
Nick Devito,Harvard,6
Nick Devito,Johns Hopkins,6
Nick Devito,Wellesley,6
Nick Devito,Yale,5
Nick Devito,Georgetown,4
Nick Devito,University of Virginia,4
Nick Devito,Williams,4
Nick Hildebrand,George Washington,47
Nick Hildebrand,American,6
Nick Neustadt,American,10
Nick Neustadt,Lehigh,10
Nick Parra,University of Chicago,12
Nicolas Millan,Wesleyan,14
Nicole Asuamah,Boston University,4
Nicole Buckley,Northeastern,4
Nicole Dwaah,Carnegie Mellon,8
Nicole Kagan,Harvard,18
Nicole Kagan,Yale,10
Nicole Kagan,American,6
Nicole Kagan,Northeastern,6
Nicole Kagan,Boston University,4
Nicole Kagan,University of Chicago,4
Nicole Rodriguez,University of Chicago,14
Nicole Salinas-Reyes,Yale,8
Nicole Soares,UConn,14
Niharika Rao,Columbia,8
Nikhil Ganesh,Carnegie Mellon,30
Nikhil Saxena,Boston University,10
Nikhita Chakraborty,University of Pittsburgh,2
Nikhita Thakuria,George Washington,8
Niki Schrift,Northeastern,124
Niki Schrift,NYU,6
Nikka Denicenko,CUNY,22
Nikki Han,Princeton,2
Nikki Schuldt,Smith,2
Nikolaos Efthymiadis,University of Chicago,20
Nile Mahmood,Lehigh,8
Nile Mahmood,Temple,8
Nile Mahmood,Tufts,8
Nir Amin,Harvard,42
Nir Amin,Yale,4
Nish Sinha,University of Chicago,52
Nish Sinha,University of Virginia,8
Nish Sinha,Harvard,2
Nita Hsu,Columbia,23
Nita Hsu,Yale,8
Niti Ghosh,Princeton,8
Nitya Matcha,Maryland,37
Nitya Matcha,Rutgers,6
Noah Fine,Johns Hopkins,2
Noah Kim,Stony Brook University,8
Noah Thurm,Georgetown,2
Noah Venable,Brown,8
Noam Levinsky,University of Chicago,6
Noku Zuze,Bates,6
Nokutenda Zuze,Bates,22
Nolan Greenways,Temple,34
Nolan Greenways,University of Virginia,12
Nolan Greenways,Maryland,8
Nolan Greenways,Drexel,6
Nolan Greenways,University of Delaware,6
Nolan Yencho,Wesleyan,4
Nora Kaul Hoelgaard,George Washington,6
Nuria Martin,American,22
Nushba Tajreen,Dartmouth,12
Odin Farkas,Stanford,4
Olive Neckers,Smith,26
Oliver Gainer,William and Mary,12
Oliver Katzman,Williams,64
Oliver Katzman,Bates,4
Oliver Mccammon,Johns Hopkins,12
Oliver Qiu,Tufts,6
Olivia Epley,Temple,2
Olivia Peltier,Brandeis,6
Olivia Saunders,George Washington,20
Olivia Wang,Tufts,2
Olympia Pratt,Tufts,10
Omar Hamarshi,Harvard,4
Omesh Dhar Dwivedi,Drexel,12
Omesh Dhar Dwivedi,American,6
Omesh Dhar Dwivedi,Princeton,6
Omesh Dhar Dwivedi,Georgetown,4
Ong Unjitwattana,University of Virginia,55
Ong Unjitwattana,Temple,4
Orion Padden,George Washington,34
Oscar Calipari,Stony Brook University,8
Oscar Cloutier Potter,Boston University,145
Oscar Cloutier Potter,Wellesley,10
Oscar Wang,Yale,4
Owen Fellows,Hamilton,42
Owen Heaphy,Yale,2
Owen Mullins,University of Massachusetts,28
Owen Tritt,Swarthmore,4
Oyuka Lyndon,Bates,4
Ozodbek Eshboboev,Amherst,10
Pakhi Chamaria,Northeastern,12
Pallavi Menon,Temple,8
Pallavi Menon,Brandeis,6
Paloma O'Connor,Harvard,30
Paola Apolinario,Rutgers,22
Parjanya Tiwari,University of Chicago,6
Parker Alleman,Amherst,41
Parker Alleman,Bates,27
Parker Alleman,Columbia,8
Parker Alleman,Harvard,8
Parker Alleman,Brown,6
Parker Alleman,University of Virginia,4
Parker Kelly,George Washington,53
Parker Snipes,Swarthmore,10
Parth Jain,Princeton,16
Parth Jain,Brown,6
Parth Tailor,Maryland,65
Patricia Ong,University of Chicago,6
Patrick Dugan,Columbia,8
Patrick Han,Georgetown,76
Patrick Han,Johns Hopkins,6
Patrick Han,George Washington,4
Patrick Kimmins,Bentley University,8
Patryk Stelmaszek,University of Chicago,16
Patton Hahn,Yale,4
Paul Jeong,Johns Hopkins,4
Paul Mitalipov,Stanford,9
Paul Mitalipov,Yale,2
Pedro Barata,Hamilton,42
Pedro Tezna,Drexel,10
Pei-Jun Huang,Tufts,2
Perry Beckett,Brown,66
Perry Beckett,Bates,12
Perry Beckett,Northeastern,4
Perry Beckett,Yale,2
Peter Kladais,Smith,6
Peter Manou,Rutgers,108
Peter Manou,Temple,10
Peter Manou,Johns Hopkins,8
Peter Manou,George Washington,4
Peter Perez,University of Virginia,8
Peter Perez,University of Chicago,6
Peter Tarpley,Johns Hopkins,6
Peter Tarpley,Rutgers,6
Peyton Jackson,Dartmouth,16
Peyton Klem,University of Virginia,6
Philip Annabi,Fordham,18
Phuong Doan,Amherst,25
Phuong Doan,Columbia,4
Pooja Nagareddygari,Princeton,10
Poorvi Kumar,University of Chicago,10
Pragna Yalamanchili,Maryland,16
Pramod Gururajan,Columbia,4
Pranav Battu,Harvard,14
Pranav Battu,Washington University in St. Louis,2
Pranav Gargipati,Penn,6
Pranav Gargipati,Princeton,2
Pranav Garigipati,Rutgers,230
Pranav Garigipati,Johns Hopkins,30
Pranav Garigipati,Columbia,10
Pranav Garigipati,Boston University,8
Pranav Garigipati,Northeastern,5
Pranav Garigipati,Brandeis,4
Pranav Garigipati,Princeton,2
Pranav Sasikumar,Maryland,68
Pranav Sasikumar,Temple,8
Pranaya Balaji,Yale,2
Pranika Singh,Maryland,61
Prastik Mohanraj,Yale,8
Prastik Mohanraj,Amherst,6
Pratyush Sharma,University of Chicago,26
Prem Dave,UConn,26
Prerana Srinivasan,University of Virginia,2
Presley Chomba,Harvard,16
Presley Jarrell,Carnegie Mellon,10
Preston Johnston,Princeton,6
Preston Lieu,Princeton,16
Priyanshi Bagga,Brown,8
Priyanshi Bagga,Wellesley,6
Prottoya Chowdhury,Brown,46
Prottoya Chowdhury,Bates,8
Pètra De Beer,Penn,4
Qi Wang,Williams,8
Qifei Min,University of Virginia,4
Qing Hu,Smith,8
Quinn Drennan,William and Mary,10
Quinn Himmelberg,American,10
Quynh Anh Truc,Lehigh,10
Rachel Bartz,William and Mary,48
Rachel Blume,University of Chicago,22
Rachel Blume,CUNY,6
Rachel Disler,George Washington,84
Rachel Disler,Georgetown,38
Rachel Disler,University of Virginia,9
Rachel Disler,University of Chicago,6
Rachel Fei,Wellesley,32
Rachel Fei,Smith,10
Rachel Fei,University of Chicago,6
Rachel Fei,Brandeis,2
Rachel Leone,Boston University,22
Rachel Li,University of Chicago,2
Rachel Pepper,Maryland,14
Rachel Pineda,Pace,6
Rachel Robin,Maryland,32
Radvilas Pelanis,Harvard,4
Raelin Engrav,University of Chicago,20
Rafael Rodriguez Alvarez,University of Massachusetts,12
Raffay Tabassum,Amherst,2
Raghav Ranawat,American,2
Rahul Kalavagunta,Penn,10
Rahul Kalavagunta,Yale,10
Rahul Kalavagunta,Princeton,4
Rahul Kalavagunta,Rutgers,4
Rahul Yehiya,Boston University,20
Raina Batra,Amherst,171
Raina Batra,Columbia,12
Raina Batra,Georgetown,8
Raina Batra,Tufts,8
Rajul Bothra,Rutgers,25
Rakshan Chadha,UConn,14
Ranen Miao,Harvard,4
Rasandi Fernando,CUNY,2
Rasmee Ky,Harvard,12
Ravi Naidu,Swarthmore,21
Ravi Simon,Penn,4
Ray Cocoran,Maryland,4
Ray Eggerts,Brown,4
Rayan Sheikh,NYU,26
Rayan Sheikh,Rutgers,10
Rayan Sheikh,Penn,8
Rayan Sheikh,Fordham,6
Rayan Sheikh,University of Chicago,6
Rayan Sheikh,George Washington,4
Raymond Ha,University of Chicago,20
Raynathan Christopher,Penn,2
Rebecca Han,Princeton,12
Rebecca Ronai,Dartmouth,8
Red Kitchen,Temple,32
Reed Easterling,NYU,28
Reed Easterling,Fordham,14
Reed Easterling,Tufts,10
Reed Easterling,George Washington,8
Reed Easterling,Rutgers,8
Reed Easterling,Brown,4
Rehan Merchant,Fordham,10
Rena Liu,Yale,4
Renee Li,William and Mary,4
Rennie Lee,American,38
Reyna Diamond,Yale,4
Reyya Kalolwala,Lehigh,10
Rhea Jain,Stanford,4
Rhea Nayyar,NYU,24
Rhea Singh,Johns Hopkins,10
Ria Thakur,Johns Hopkins,27
Ricky Huang,Brown,28
Ricky Huang,Bates,11
Ricky Kiamilev,University of Delaware,2
Rico Chandra,Yale,8
Rikhil Ranjit,Stanford,6
Riley Lavrovsky,Binghamton University,4
Riley Sisk,University of Chicago,22
Rish Deshide,Princeton,2
Risha Krishnan,Columbia,8
Rishi Vunnam,Maryland,36
Rishven Pravin,Boston University,93
Rishven Pravin,Brandeis,28
Rishven Pravin,Williams,8
Rishven Pravin,Tufts,6
Rishven Pravin,Wellesley,4
Rishven Pravin,Northeastern,2
Rita Dai,Tufts,14
Rita Mayevskaya,Boston University,34
Rita Mayevskaya,Brandeis,2
Riya Gupta,William and Mary,8
Rob Nielsen,Boston University,8
Robbie Safran,Georgetown,91
Robbie Safran,George Washington,48
Robbie Safran,Brown,16
Robbie Safran,Temple,6
Robbie Safran,William and Mary,6
Robby Gray,Williams,10
Robert Brown,University of Chicago,47
Robert Brown,Brown,2
Robert Chong,Georgetown,6
Robert Chong,Penn,4
Robert Cropp,Bates,20
Robert Fu,Rutgers,8
Robert Fu,Williams,6
Robert Fu,Dartmouth,2
Robert Kirkwood,Yale,30
Robert Nielsen,Williams,14
Robert Nielsen,Smith,8
Robert Rendine,George Washington,112
Robert Rendine,Georgetown,44
Robert Rendine,Brown,39
Robert Rendine,William and Mary,19
Robert Rendine,NYU,6
Robert Vogel,CUNY,6
Robiah Arefin Ibn Mahmud,Amherst,14
Robin Gloss,Johns Hopkins,38
Robin Gloss,George Washington,24
Robin Gloss,La Verne,24
Robin Gloss,Tufts,6
Robin Gloss,Georgetown,4
Robin Gloss,University of Pittsburgh,4
Rocco Spinozzi-D'Andrea,Haverford,34
Rocco Spinozzi-D'Andrea,Temple,26
Rocco Spinozzi-D'Andrea,Georgetown,12
Rocco Spinozzi-D'Andrea,Rutgers,10
Rocco Spinozzi-D'Andrea,Columbia,6
Rocco Spinozzi-D'Andrea,Drexel,4
Rocket Drew,Brown,53
Rodda John,Johns Hopkins,8
Rodda John,Smith,8
Rodda John,Williams,8
Rodrigo Trujillo,Brown,4
Rohan Battula,Penn,21
Rohan Battula,Harvard,6
Rohan Battula,Williams,2
Rohan Gandhi,Maryland,19
Rohan Ganesh,Penn,64
Rohan Ganesh,Johns Hopkins,30
Rohan Ganesh,Northeastern,16
Rohan Ganesh,Rutgers,14
Rohan Ganesh,Princeton,10
Rohan Ganesh,Brown,8
Rohan Ganesh,University of Chicago,8
Rohan Ganesh,Williams,4
Rohan Jinturkar,Princeton,6
Rohan Kapoor,University of Chicago,48
Rohan Kapoor,Yale,8
Rohan Kapoor,Johns Hopkins,3
Rohan Sachdev,University of Chicago,204
Rohan Sachdev,Boston University,18
Rohan Sachdev,Johns Hopkins,8
Rohan Sachdev,William and Mary,7
Rohan Sachdev,Penn,6
Rohan Sundaram,Columbia,2
Rolando Smith,Temple,8
Rome Ben-David,Wellesley,8
Romina Lilollari,Harvard,48
Ron Mucci,Rutgers,6
Ron Mucci,CUNY,5
Ronoy Sarkar,Maryland,16
Roopeksha Agrawal,Wellesley,18
Rory Mahon,Georgetown,4
Rose West,Rutgers,8
Rose West,Haverford,6
Rosemary Hungerford,Wellesley,10
Rosemary Hungerford,Brandeis,4
Rosie Aronson,George Washington,14
Roxanne Daniel,Harvard,4
Roy Mazumder,Fisher College,28
Roy Tiefer,University of Chicago,138
Roy Tiefer,Brown,8
Roy Tiefer,Tufts,8
Roy Tiefer,University of Virginia,4
Roy Tiefer,Yale,2
Roza Kavak,Brown,8
Roza Kavak,Wellesley,6
Rustam Biswas,Maryland,8
Ruth Tony-Alabi,University of Massachusetts,4
Ryan Geary,Binghamton University,5
Ryan Gumlia,Yale,14
Ryan Jiang,Princeton,8
Ryan Katz,Brown,4
Ryan Kim,Princeton,8
Ryan Lafferty,Dartmouth,38
Ryan Lafferty,Yale,11
Ryan Lafferty,University of Chicago,8
Ryan Lafferty,Brown,4
Ryan Lafferty,Carnegie Mellon,2
Ryan Lafferty,Rutgers,2
Ryan Lin,Boston University,12
Ryan Lin,Brandeis,8
Ryan Lin,Wellesley,6
Ryan Schoenstedt,Northeastern,18
Ryan Shaffer,Brandeis,24
Ryan Shaffer,Amherst,4
Ryan Tiedemann,George Washington,284
Ryan Tiedemann,University of Virginia,6
Ryan Tiedemann,Georgetown,4
Saahas Ajmera,University of Chicago,19
Saanvi Goel,Maryland,2
Sabrina Chen,University of Chicago,22
Sachin Patel,Boston College,8
Sadie Adams,University of Virginia,6
Sadie Anderson,Hamilton,42
Sadie Moore,Columbia,16
Safal Aryal,Tufts,6
Safal Aryal,Brown,2
Safiatou Balde,Brandeis,4
Sagar Rao,Swarthmore,20
Sage Bates,Georgetown,8
Sage Mehta,Penn,10
Sahil Sood,Harvard,88
Sahil Sood,Yale,6
Sahil Sud,Georgetown,137
Sahil Sud,George Washington,28
Sahil Sud,University of Chicago,13
Sahil Sud,Amherst,8
Sahil Sud,Brown,6
Sahil Sud,Johns Hopkins,4
Sahil Sud,Bates,2
Sahithya Venkatesh,Maryland,24
Sai Karnati,Brown,10
Saif El Khodor,NYU,4
Saif Elkhodor,NYU,16
Saif Virani,Fordham,26
Sajan Mehrotra,Stanford,6
Sakshyam Pokharel,Princeton,8
Salma Alhsni,Princeton,23
Sam Arnesen,Princeton,10
Sam Bevins,Dartmouth,8
Sam Borne,Bowdoin College,8
Sam Bowen,Northwestern,8
Sam Chen,Harvard,4
Sam Doyle,Boston College,2
Sam Haj,Brown,4
Sam Huang,Bates,8
Sam Huang,George Washington,4
Sam Jones,Harvard,12
Sam Liu,Tufts,14
Sam Slezak,University of Pittsburgh,4
Sam Watkins,American,4
Sam Watkins,Fordham,2
Sam Widell,George Washington,2
Saman Zeb,Swarthmore,15
Samantha Mascara,Tufts,10
Samantha Mascara,University of Massachusetts,10
Samantha Przybisiki,Brandeis,4
Samantha Sun,Wesleyan,4
Samantha Zaino,University of Chicago,20
Samara Cuaresma,Harvard,28
Samhitha Duggirala,University of Virginia,8
Samhitha Duggurala,Carnegie Mellon,2
Samuel Johnson,University of Chicago,70
Samuel Johnson,Tufts,16
Samuel Johnson,William and Mary,10
Samuel Johnson,Dartmouth,6
Samuel Johnson,Harvard,6
Samuel Johnson,Northeastern,4
Samuel Johnson,University of Virginia,2
Samuel Johnson,Williams,2
Samuel Melcher,Bates,22
Samuel Ruiz-Macias,Harvard,4
Samuel Watkins,American,50
Samuel Watkins,Drexel,6
Sandro D'Aveta,Boston University,8
Sandy Greenberg,Brown,36
Sandy Greenberg,Northeastern,8
Sandy Greenberg,Harvard,6
Sandy Greenberg,Yale,3
Sangwon Park,Johns Hopkins,4
Sania Shahid,William and Mary,16
Sania Shahid,Georgetown,2
Sankalp Borah,UConn,22
Sannan Dhillon,Swarthmore,4
Sannidhi Korisepati,Maryland,16
Santi Cantu,MIT,4
Santiago Paul,Williams,40
Sara Chokshi,Carnegie Mellon,14
Sara Jayakumar,University of Chicago,12
Sara Landry,William and Mary,32
Sara Zdancewicz,University of Pittsburgh,13
Sara Zdancewicz,Rutgers,4
Sara Zdancewicz,William and Mary,2
Sarah Burke,Brown,2
Sarah Chatfield,William and Mary,86
Sarah Cobau,Maryland,14
Sarah Geist,Wellesley,2
Sarah Grace Shurden,Georgetown,14
Sarah Hu,Wellesley,6
Sarah Lehman,Yale,14
Sarah Levit,St. Mary's,4
Sarah Miller,George Washington,150
Sarah Miller,University of Virginia,8
Sarah Miller,Georgetown,6
Sarah Miller,Carnegie Mellon,2
Sarah Moore,Wellesley,16
Sarah Murphy,Northeastern,10
Sarah Rooney,Boston University,6
Sarah Ryan,Harvard,8
Sarah Ryan,Brown,6
Sarah Smith,Northeastern,70
Sarah Weill-Jones,Haverford,16
Sarah Weill-Jones,Swarthmore,6
Sarah Weill-Jones,Temple,6
Sarah Wheaton,Swarthmore,4
Sarah Willrich,University of Chicago,60
Sarem Haq,Georgetown,11
Sarem Haq,University of Pittsburgh,2
Sarem Leghari,Penn,4
Sarem Leghari,University of Virginia,4
Sasha Chuprakova,Rutgers,26
Sasha Chuprakova,American,2
Sasha Chuprakova,Columbia,2
Sasha Turner,Columbia,2
Satoshi Yanaizu,Harvard,2
Satvik Srinivas,Rutgers,6
Savannah Stackhouse,Yale,6
Sayer Theiss,Williams,16
Scott Santaella,Temple,4
Scott Wang,Amherst,4
Seamus Allen,Stanford,2
Sean Callaghan,Harvard,14
Sean Grey,George Washington,8
Sean Oddoye,Johns Hopkins,18
Sean Oddoye,Maryland,2
Sebastian Attlan,Harvard,6
Sebastian Bryant,University of Chicago,4
Sebastian Cardena,Georgetown,20
Sebastian Cardena,George Washington,4
Sebastian Cardena,Rutgers,4
Sebastian Juarez,Harvard,8
Sebastian Lemberger,University of Chicago,54
Sehrish Gohar,Stanford,10
Sehrish Gohar,Brandeis,4
Selena Bahl,Washington University in St. Louis,12
Sena Kim,Penn,12
Seoho Park,Wellesley,20
Seonbin Song,University of Virginia,8
Sergio Valente,Georgetown,22
Sergio Valente,American,16
Sergio Valente,George Washington,8
Sergio Valente,University of Virginia,4
Seven Deng,Lehigh,16
Seán Durkis-Dervonge,Georgetown,8
Shadan Khalid,NYU,2
Shaheen Fazal-Merchant,Wellesley,6
Shaima Osman,Wesleyan,4
Shannon Stapleton,St. Mary's,8
Shannon White,Northeastern,60
Shashwat Rai,Harvard,72
Shashwat Rai,George Washington,6
Shawn Leach,University of Delaware,18
Shawn Varghese,Rutgers,76
Shawn Varghese,Johns Hopkins,6
Shaye Martin,Williams,33
Shaye Martin,Rutgers,6
Shelby Amato,George Washington,8
Shenan Worrel,University of Virginia,101
Shenandoah Worrel,University of Virginia,12
Sheryar Fazal,Princeton,2
Shi Wen Yeo,Yale,10
Shiv Chawla,Brandeis,8
Shiwen Yeo,Yale,4
Shobi Kim,Williams,8
Shotaro Oshikawa,Johns Hopkins,10
Shreeya Adhikari,Northeastern,20
Shreya Karthik,Brown,18
Shreya Parjan,Wellesley,7
Shreyas Gullapalli,University of Virginia,10
Shreyas Iyer,Harvard,2
Shreyas Kumar,Princeton,8
Shreyoshi Das,Penn,10
Shreyoshi Das,Swarthmore,6
Shruti Baxi,Yale,6
Shruti Narayanabhatla,Rutgers,176
Shruti Narayanabhatla,Columbia,10
Shruti Narayanabhatla,Georgetown,10
Shruti Narayanabhatla,University of Chicago,8
Shyla Summers,Yale,76
Shyla Summers,George Washington,4
Shyla Summers,Georgetown,4
Sid Ramanathan,Georgetown,20
Siddhaarth Chakravarthy,Boston University,8
Siddharth Ramanathan,Georgetown,24
Sidra Hussain,George Washington,81
Sidra Hussain,Georgetown,12
Sidra Hussain,Johns Hopkins,10
Sidra Hussain,University of Virginia,8
Sidra Hussain,William and Mary,8
Sidra Hussain,Northeastern,6
Sidra Hussain,La Verne,2
Sierra Rodriguez,Northeastern,10
Sierra Rodriguez,George Washington,6
Sierra Rodriguez,NYU,6
Sierra Valdez,Harvard,24
Siilen Sergelen,Penn,4
Sim Low,Johns Hopkins,24
Simba Ali,Fordham,16
Simon Picotte,University of Chicago,22
Sinan Yucel,Georgetown,8
Sithara Subramanian,Rutgers,18
Sivani Srinivasan,NYU,28
Sivani Srinivasan,Rutgers,6
Sky Park,Swarthmore,8
Sofia Bocchino,NYU,6
Sofia Fleri,Lehigh,8
Sohum Sheth,Penn,10
Sol Manis,Washington University in St. Louis,32
Solara Bakhit,Fisher College,4
Somya Sharma,Boston University,14
Sonam Tenzin Wangchuk,Yale,12
Sonam Wangchuk,Yale,18
Sonam Wangchuk,Princeton,10
Sonia Fan,George Washington,26
Sonia Fan,Georgetown,24
Sonia Fan,University of Chicago,10
Sonia Teodorescu,Boston University,16
Sonia Teodorescu,Wellesley,10
Sophia Cody,Fordham,6
Sophia Fend,Harvard,6
Sophia Li,Stanford,10
Sophia Lichterfield,Harvard,6
Sophia Liu,University of Chicago,16
Sophia Luna,Fordham,8
Sophia Seyer,Fordham,8
Sophia Stone,Yale,18
Sophia Tyrrell-Knott,Johns Hopkins,16
Sophia Winner,Maryland,18
Sophia Winner,George Washington,5
Sophie Johnson,Dartmouth,10
Sophie Rukin,Brown,56
Sophie Rukin,Tufts,8
Sophie Rukin,Yale,8
Sophie Rukin,Brandeis,4
Sophie Rukin,Dartmouth,4
Sophie Staii,Tufts,6
Sophie Xu,Boston University,6
Sparsh Jain,University of Chicago,4
Spencer Conrad,Brown,8
Spencer Yost-Wolff,George Washington,23
Spike King,Brandeis,22
Spike King,Boston University,8
Sreeta Basu,Northeastern,6
Srishti Nautiyal,Brandeis,56
Srishti Nautiyal,Boston University,30
Srishti Nautiyal,George Washington,10
Srishti Nautiyal,William and Mary,6
Srishti Nautiyal,Yale,6
Srishti Nautiyal,Northeastern,2
Sruthi Bharath Kumar,Wellesley,8
Stanley Kuo,Boston University,2
Stav Kanza,Rutgers,10
Stav Kanza,Swarthmore,8
Stav Kanza,Haverford,2
Stav Kanza-Levi,Rutgers,24
Stav Kanza-Levi,Smith,2
Stefan Alexander Whitwell,Northeastern,14
Stefano Raffo,Maryland,90
Stella Ren,Princeton,2
Stella Shen,William and Mary,12
Stephanie Chen,Harvard,8
Stephanie Purwanto,George Washington,32
Sterling Peterson,University of Virginia,28
Sterling Xie,University of Chicago,4
Steven Huang,Tufts,16
Steven Huang,Northeastern,10
Steven Porter,University of Chicago,62
Stone Yang,Stanford,4
Subhash Durbha,Rutgers,16
Suhail Al Eryani,Maryland,22
Suki Chen,Wesleyan,8
Sullivan Ho,Yale,16
Sullivan Ho,Columbia,8
Sumanth Mahalingam,Johns Hopkins,54
Sumanth Mahalingam,University of Chicago,18
Sumanth Mahalingam,Columbia,10
Sumanth Mahalingam,George Washington,8
Sumanth Mahalingam,Rutgers,8
Sumanth Mahalingam,Georgetown,4
Sunay Hegde,Rutgers,12
Sungjoo Yoon,Harvard,6
Sunny Kumar,Princeton,8
Susan Mcharris,Swarthmore,10
Susanna Kharatyan,University of Virginia,10
Susanna Kritzler,University of Chicago,8
Susie Garcia,Stanford,8
Swayam Shashikumar,Rutgers,8
Sydney Cook,University of Chicago,61
Sydney Cook,University of Virginia,14
Sydney Cook,Georgetown,8
Sydney Cook,Amherst,6
Sylvie Turk,Penn,6
Taeho Lee,Carnegie Mellon,2
Tahalia Nira,Boston University,22
Tai Henrichs,Williams,52
Tai Henrichs,Johns Hopkins,6
Tai Henrichs,Tufts,4
Tai Henrichs,Wellesley,4
Taillte Cooney-Newton,Bates,3
Talia Ehrenberg,Amherst,10
Talia Hsia,Yale,8
Tamhid Islam,Dartmouth,1
Tammy Yamile Leon Molina,Princeton,2
Tanay Jagannathan,Columbia,36
Tanay Jagannathan,Amherst,8
Tanay Patri,Northeastern,14
Tanay Patri,Johns Hopkins,12
Tanay Patri,Boston University,8
Tanay Patri,Penn,8
Tanay Patri,Yale,8
Tanay Patri,Harvard,6
Tanay Patri,Wellesley,6
Tanay Tarikere,American,20
Tangya Tan,Johns Hopkins,6
Tanush Vanarase,UConn,6
Tanvi Agarwal,Wellesley,8
Tanvir Thamid,Bates,14
Tanya Chatterjee,Columbia,66
Tanya Chatterjee,Johns Hopkins,22
Tanya Chatterjee,Rutgers,20
Tanya Chatterjee,Amherst,10
Tanya Chatterjee,Brown,10
Tanya Chatterjee,Penn,4
Tanya Chatterjee,Yale,4
Tarin Martinez,Haverford,10
Taru Chirume,American,10
Taryn Murphy,University of Chicago,148
Taryn Murphy,Georgetown,8
Taryn Murphy,University of Virginia,8
Taryn Murphy,George Washington,6
Taryn Murphy,Columbia,4
Taylor Curro,University of Virginia,8
Taylor Heller,NYU,4
Teagan Benavidez,Smith,1
Ted Chang,Harvard,4
Ted Chang,Tufts,4
Ted Chang,University of Chicago,4
Teddy Tawil,Yale,28
Teddy Wyman,Boston University,26
Teddy Wyman,Tufts,10
Teddy Wyman,Harvard,4
Teddy Wyman,Northeastern,4
Tejal Patwardhan,Harvard,4
Tejas Subramaniam,Stanford,12
Teresa Chen,Princeton,17
Terrence Wu,Amherst,6
Thej Mallu,Northeastern,3
Theo Baker,Temple,10
Theo Datta,Harvard,46
Theo Miranda-Zellnik,Maryland,8
Theodore Gercken,Hamilton,58
Thibaut Stussi,Boston University,24
Thierry Moss,Bates,36
Thierry Moss,Northeastern,8
Thierry Moss,Boston University,6
Thomas Coorey,Columbia,10
Thomas Copher,Boston College,18
Thomas Dragovich,Maryland,127
Thomas Evans,University of Chicago,8
Thomas Kim,Johns Hopkins,6
Thomas Sargent,Carnegie Mellon,24
Thomas Sargent,University of Pittsburgh,10
Thomas Sargent,Boston University,8
Thomas Suchowolec,Boston University,2
Tierney Egan,University of Virginia,48
Tiffany Ju,Wellesley,22
Tiffany Yuan,Johns Hopkins,55
Tiffany Yuan,Georgetown,10
Tilly Robinson,Harvard,17
Tilly Robinson,George Washington,4
Tim Carroll,Amherst,4
Tim Colledge,Yale,4
Tim Colledge,Hamilton,2
Tim Do,Johns Hopkins,26
Tim Do,Williams,6
Tim Do,William and Mary,2
Tim Merrill,University of Delaware,24
Timmy Miller,University of Pittsburgh,2
Timothy Colledge,Hamilton,28
Tina Gao,Johns Hopkins,9
Toby Arment,Brown,10
Toby Winick,Tufts,10
Tomiris Ospan,Harvard,7
Tommy Koh,Columbia,2
Tong Zhou,Harvard,8
Tony Liu,Harvard,6
Tori Borlase,Harvard,8
Tori Borlase,Columbia,4
Tori Ling,Penn,6
Tori Qiu,Stanford,6
Tori Reisz,Northeastern,86
Tori Reisz,Bates,10
Tori Reisz,Wellesley,10
Tori Reisz,Brown,6
Tosca Neuma Nn,Brown,5
Tosca Neumann,Bates,89
Tosca Neumann,Amherst,18
Tosca Neumann,Brown,6
Tosca Neumann,Columbia,6
Tosca Neumann,Wellesley,4
Tosca Neumann,Georgetown,2
Trent Kannegieter,Yale,26
Trent Kannegieter,Bard,4
Trevor Hatem,Boston College,10
Trevor Quintero,Northwestern,10
Trey Rodriguez,Fordham,12
Tristan Bohn,Brown,8
Tristan Moore,Amherst,22
Tristan Ward,Brown,14
Tristan Zlotkowski,Pace,8
Tucker Wilke,Brown,10
Tvisha Malik,Penn,22
Tvisha Malik,Northeastern,8
Ty Schnyder,Lehigh,18
Tyler Hunt,American,4
Ubaldo Rodriguez,University of Chicago,8
Udheesh Gaddipati,NYU,77
Uma Menon,Princeton,18
Uma Menon,Johns Hopkins,2
Umang Vinayaka,Harvard,2
Uszee Mckoy,Wesleyan,28
Vahan Tadevosyan,Swarthmore,8
Vara Mathiyalakan,Johns Hopkins,20
Vara Mathiyalakan,Georgetown,6
Varnum Bayless,University of Virginia,13
Varsha Sripadham,NYU,24
Varun Piram,Columbia,4
Varun Vijay,George Washington,4
Vasa Syomin,Maryland,20
Vasiley Syomin,Maryland,24
Vedesh Kodnani,University of Chicago,75
Vedesh Kodnani,Johns Hopkins,10
Veeank Maniar,NYU,8
Ventura Garcia-Perez,Amherst,2
Vera Chaudhry,University of Chicago,10
Veronica Leahy,NYU,10
Vibhav Singh,University of Chicago,46
Vickie Song,University of Chicago,2
Victor Tong,Columbia,10
Victoria Ajayi,Rutgers,66
Victoria Ajayi,Boston University,4
Victoria Ajayi,Georgetown,4
Victoria Fekete,William and Mary,4
Victoria Kartashev,Dartmouth,20
Victoria Kurakata,University of Chicago,88
Victoria Pachnik,Harvard,8
Victoria Yang,Stanford,10
Vidhi Bhartiya,Yale,12
Viet Phan,Rutgers,40
Vignesh Valliyur,Penn,33
Viha Kedia,Penn,10
Vihaan Thakkar,University of Virginia,2
Vihini Gunasekera,University of Virginia,130
Vihini Gunasekera,George Washington,18
Vihini Gunasekera,William and Mary,16
Vihini Gunasekera,University of Chicago,8
Vikki Perijainen,Harvard,3
Vikram Balasubramanian,William and Mary,12
Vikram Balasubramanian,Harvard,6
Vikram Balasubramanian,Swarthmore,6
Vikram Prasad,Maryland,31
Vincent Kazella,Fordham,4
Vincent Tocci,Williams,20
Vincent Tocci,Boston University,4
Vincent Ying,Penn,8
Vinny Kazz,Fordham,8
Violet Whitmire,University of Virginia,139
Violet Whitmire,University of Chicago,8
Violet Whitmire,Amherst,4
Violet Whitmire,George Washington,4
Viraj Nautiyal,Brown,94
Vishaal Arunprasad,Boston University,64
Vishwa Rakasi,Yale,54
Vita Raskeviciute,Penn,6
Vitor Cezario,Harvard,10
Vivaan Pagariya,Boston University,10
Vivaan Sood,Williams,42
Vivek Kirpilani,Princeton,8
Vivian Chiu,Johns Hopkins,10
Vivian Li,University of Chicago,4
Vivian Zhang,Harvard,4
Vivian Zhu,Yale,6
Vivian Zhu,Stanford,4
Vivienne Monteiro,George Washington,132
Vivienne Monteiro,Brandeis,10
Vivienne Monteiro,Brown,4
Vivienne Monteiro,Yale,4
Von An,Temple,12
Vyomini Gurung,Hamilton,42
Warrick Kwon,University of Chicago,16
Wendy Gao,University of Virginia,30
Wendy Zhang,Yale,4
Wes Mcgovern,Fordham,8
Weslan Hansen,George Washington,41
Weslan Hansen,University of Virginia,12
Weslan Hansen,Georgetown,10
Weslan Hansen,American,8
Weslan Hansen,Bates,4
Weslan Hansen,NYU,2
Wesley Chiu,Brown,24
Wesley Liu,NYU,36
Wil Kozlowski,Brandeis,78
Wil Kozlowski,Boston University,8
Will Arnesen,Yale,6
Will Brown,American,2
Will Choi,American,4
Will Donnelly,University of Pittsburgh,4
Will Donnelly,Brown,2
Will Donnelly,CUNY,2
Will Flintoft,Harvard,6
Will Huang,Swarthmore,36
Will Jin,Swarthmore,10
Will Logue,Williams,10
Will Shachar,Tufts,40
Will Shachar,Temple,8
Will Zeng,University of Virginia,12
William Berry,Yale,64
William Berry,Penn,6
William Chen,University of Massachusetts,2
William Choi,Johns Hopkins,4
William Cote,William and Mary,19
William Golub,Stanford,8
William Hallward-Driemeier,Williams,21
William Huang,Swarthmore,8
William Logue,Brown,20
William Logue,Williams,18
William Logue,Northeastern,4
William Logue,Penn,4
William Logue,La Verne,2
William Logue,NYU,2
William Logue,Tufts,2
William Rudolph,Williams,10
William Wu,Bates,4
Willow Tapp,Temple,14
Wingel Xue,Johns Hopkins,63
Winnie Qin,Brandeis,4
Winson Cheung,UMBC,10
Wyatt Fortner,NYU,10
Wylie Bassill,William and Mary,4
Xiao-Ke Lu,Princeton,32
Xiao-Ke Lu,McGill,4
Xiaoyao Lu,Stanford,10
Xinyi Chi,Williams,20
Xiomara Bradden,Maryland,8
Yana Danzig,Carnegie Mellon,5
Yana Sharifullina,Swarthmore,20
Yannick Davidson,Williams,60
Yannick Davidson,Northeastern,14
Yannick Davidson,Tufts,10
Yara Alkhalifa,Northeastern,20
Yash Shetty,Boston University,122
Yash Shetty,University of Chicago,12
Yash Shetty,Tufts,6
Yashas Mallikarjun,Johns Hopkins,14
Yashas Mallikarjun,Penn,6
Yashas Mallikarjun,Rutgers,6
Yasmine Bolden,Johns Hopkins,4
Yavuz Kaklikkaya,NYU,6
Ye Joo Han,Harvard,118
Ye Joo Han,University of Chicago,12
Ye Joo Han,Penn,8
Yehezkiel Kotambunan,Boston University,20
Yichia Lee,Wellesley,22
Yiwen Lu,University of Chicago,10
Yixuan Liu,University of Virginia,38
Yixuan Liu,Georgetown,13
Yixuan Liu,American,4
Yixuan Liu,Penn,4
Ynes Traore,Yale,16
Yuanyi Ma,Tufts,4
Yue Huang,Amherst,8
Yuhan Li,Amherst,34
Yuhan Li,Brandeis,8
Yujin Zhou,Johns Hopkins,4
Yuki Nakano,George Washington,203
Yuki Nakano,William and Mary,38
Yuki Nakano,Georgetown,26
Yuki Nakano,Columbia,8
Yuki Nakano,University of Virginia,4
Yuki Nakano,University of Chicago,2
Yuto Kida,Yale,16
Yuwen Wang,Johns Hopkins,4
Yva Totchum,American,38
Zach Berg,Harvard,94
Zach Berg,University of Chicago,8
Zach Brown,American,4
Zach Pinto,Binghamton University,5
Zachary Glaser,Carleton,6
Zachary Heidel,Rutgers,10
Zachary Heidel,University of Virginia,4
Zachary Lazaroff,Temple,17
Zachary Lazaroff,Brandeis,8
Zack Cassidy,Boston University,4
Zahi Wali Aadit,Boston University,10
Zaid Hintzman,George Washington,62
Zaid Hintzman,La Verne,10
Zaid Hintzman,Georgetown,4
Zaid Hintzman,University of Virginia,4
Zainab Zarnish,Harvard,4
Zan Rozen,Amherst,30
Zan Rozen,Wellesley,11
Zan Rozen,Johns Hopkins,6
Zander Jeinthanuttkanont,Yale,59
Zander Jeinthanuttkanont,Georgetown,10
Zara Hamid,Johns Hopkins,2
Zara Memon,American,6
Zara Memon,Johns Hopkins,6
Zara Memon,Penn,2
Zariah Stewart,Wesleyan,4
Zayan Islam,UConn,42
Zayd Benjelloun,University of Virginia,12
Zayn Bhimani,Georgetown,32
Zelda Abramovich,Brandeis,10
Zerek Laghari,Wesleyan,24
Zhengdong Wang,Yale,10
Zhengying Tian,University of Chicago,14
Zimo-Tracy Ge,Boston University,20
Zimu Zhang,Johns Hopkins,6
Zoe Ewing,Columbia,4
Zoe Savala,University of Chicago,6
Zoe Zhu,University of Chicago,14
Zohaib Saleem,UConn,24
Zubair Mahedavi,University of Virginia,10
